{"Al11O18": {"Ef": -3.1410147950862073, "Ed": 0.1170034486422396, "rxn": "1.5_O + 5.5_Al2O3", "stability": false}, "Al11Ti5": {"Ef": -0.40563314374999937, "Ed": 0.01582612500000047, "rxn": "4.0_Al2Ti1 + 1.0_Al3Ti1", "stability": false}, "Al12Ca1O19": {"Ef": -3.4383608233984377, "Ed": 0.011496644218718544, "rxn": "4.0_Al2O3 + 1.0_Al4Ca1O7", "stability": false}, "Al14Ca11O32": {"Ef": -3.4575041925438597, "Ed": -0.00500614141207042, "rxn": "1.0_Al2Ca1O4 + 2.0_Al6Ca5O14", "stability": true}, "Al14Ca12O33": {"Ef": -3.4463833037500002, "Ed": 0.006337778305082774, "rxn": "1.0_Al14Ca11O32 + 1.0_Ca1O1", "stability": false}, "Al14Ca13": {"Ef": -0.2628221016666667, "Ed": 0.0028270167521370388, "rxn": "0.9231_Al3Ca8 + 5.6154_Al2Ca1", "stability": false}, "Al1Ca1F4O2": {"Ef": -2.7663290059075, "Ed": 0.4889713219917313, "rxn": "0.6667_Al1Ca1F5 + 0.1667_Al2O3 + 0.3333_Ca1F2 + 1.5_O", "stability": false}, "Al1Ca1F5": {"Ef": -4.05721778442143, "Ed": -0.008540097856599769, "rxn": "0.5_Al1Ca2F7 + 0.5_Al1F3", "stability": true}, "Al1Ca2F7": {"Ef": -4.111330077333, "Ed": 0.0024061815000280262, "rxn": "1.0_Al1Ca1F5 + 1.0_Ca1F2", "stability": false}, "Al1Ca2O5Ti1": {"Ef": -3.3729466329166664, "Ed": 0.032272490495512014, "rxn": "0.0714_Al14Ca11O32 + 0.7143_Ca1O1 + 0.5_Ca1O3Ti1 + 0.5_O1Ti1", "stability": false}, "Al1F15Ti3": {"Ef": -3.57930868015, "Ed": 0.17005540631579288, "rxn": "1.0_Al1F3 + 3.0_F4Ti1", "stability": false}, "Al1F3": {"Ef": -3.8920467096425, "Ed": -3.8920467096425, "rxn": "1_Al + 3_F", "stability": true}, "Al1F3O1": {"Ef": -2.1541904459640007, "Ed": 0.9594469217498588, "rxn": "1.0_Al1F3 + 1.0_O", "stability": false}, "Al1F3O3": {"Ef": -1.1535003717599999, "Ed": 1.0705263194642884, "rxn": "1.0_Al1F3 + 3.0_O", "stability": false}, "Al1F5Ti1": {"Ef": -3.491057594421428, "Ed": 0.14371186940478659, "rxn": "0.9167_Al1F3 + 0.0833_Al1Ti3 + 0.75_F3Ti1", "stability": false}, "Al1O1": {"Ef": -1.5597634056250005, "Ed": 1.3033435358332648, "rxn": "0.3333_Al + 0.3333_Al2O3", "stability": false}, "Al1O2": {"Ef": -2.6814297224999994, "Ed": 0.18167721895827604, "rxn": "0.5_O + 0.5_Al2O3", "stability": false}, "Al1O3": {"Ef": -1.6002818946875, "Ed": 0.5470483114062024, "rxn": "1.5_O + 0.5_Al2O3", "stability": false}, "Al1O3Ti1": {"Ef": -3.287308364749999, "Ed": 0.08695211350007029, "rxn": "0.5_Al2O3 + 0.5_O3Ti2", "stability": false}, "Al1O4Ti2": {"Ef": -3.179723233571429, "Ed": 0.06355528933834366, "rxn": "0.5_Al2O3 + 1.0_O1Ti1 + 0.5_O3Ti2", "stability": false}, "Al1O6Ti3": {"Ef": -3.2589949325, "Ed": 0.084531619999904, "rxn": "0.5_Al2O3 + 1.5_O3Ti2", "stability": false}, "Al1Ti1": {"Ef": -0.40716411999999913, "Ed": -0.03773223800000142, "rxn": "0.2_Al1Ti3 + 0.4_Al2Ti1", "stability": true}, "Al1Ti2": {"Ef": 0.5721971433333349, "Ed": 0.8942426866666674, "rxn": "0.5_Al1Ti3 + 0.5_Al1Ti1", "stability": false}, "Al1Ti3": {"Ef": -0.27948625499999924, "Ed": -0.07590419499999937, "rxn": "1.0_Al1Ti1 + 2.0_Ti", "stability": true}, "Al23F35O17": {"Ef": -3.442732269972, "Ed": 0.2769274961555561, "rxn": "11.6667_Al1F3 + 5.6667_Al2O3", "stability": false}, "Al2Ca1": {"Ef": -0.3299132750000003, "Ed": -0.10248148105263218, "rxn": "0.0526_Al14Ca13 + 0.3158_Al4Ca1", "stability": true}, "Al2Ca1F10": {"Ef": -3.3479320505307695, "Ed": 0.03427651327846239, "rxn": "1.0_Al1Ca1F5 + 1.0_Al1F3 + 2.0_F", "stability": false}, "Al2Ca1F4O4": {"Ef": -2.767772107250909, "Ed": 0.38056638927945324, "rxn": "0.6667_Al1Ca1F5 + 0.6667_Al2O3 + 0.3333_Ca1F2 + 2.0_O", "stability": false}, "Al2Ca1F6O2": {"Ef": -3.312543739967272, "Ed": 0.26165025882604387, "rxn": "1.0_Al1Ca1F5 + 0.3333_Al1F3 + 0.3333_Al2O3 + 1.0_O", "stability": false}, "Al2Ca1F8": {"Ef": -3.9289772085927273, "Ed": 0.06817836681818532, "rxn": "1.0_Al1Ca1F5 + 1.0_Al1F3", "stability": false}, "Al2Ca1O12": {"Ef": -0.9379798288888884, "Ed": 0.6789145197777646, "rxn": "0.0667_Al14Ca11O32 + 0.2667_Al4Ca1O7 + 8.0_O", "stability": false}, "Al2Ca1O4": {"Ef": -3.464016412261905, "Ed": 0.0007571920238917633, "rxn": "0.0667_Al14Ca11O32 + 0.2667_Al4Ca1O7", "stability": false}, "Al2Ca2O5": {"Ef": -3.421338268472223, "Ed": 0.022727661269909067, "rxn": "0.1429_Al14Ca11O32 + 0.4286_Ca1O1", "stability": false}, "Al2Ca3O12": {"Ef": -1.8048642498529412, "Ed": 0.4086297639077677, "rxn": "0.1429_Al14Ca11O32 + 1.4286_Ca1O1 + 6.0_O", "stability": false}, "Al2Ca3O6": {"Ef": -3.408153010378788, "Ed": 0.012701374523740842, "rxn": "0.1429_Al14Ca11O32 + 1.4286_Ca1O1", "stability": false}, "Al2O1": {"Ef": -1.725224319861111, "Ed": 0.183513641111109, "rxn": "1.3333_Al + 0.3333_Al2O3", "stability": false}, "Al2O15Ti7": {"Ef": -3.399675619947916, "Ed": 0.01487373364583533, "rxn": "1.0_Al2O3 + 1.0_O2Ti1 + 2.0_O5Ti3", "stability": false}, "Al2O3": {"Ef": -3.4357283297500003, "Ed": -0.2758414191192074, "rxn": "0.125_Al + 0.375_Al5O8", "stability": true}, "Al2O5Ti1": {"Ef": -3.4511016082812507, "Ed": 0.013215373437494016, "rxn": "1.0_Al2O3 + 1.0_O2Ti1", "stability": false}, "Al2O7Ti2": {"Ef": -2.9548111839772733, "Ed": 0.522500639545433, "rxn": "1.0_Al2O3 + 2.0_O2Ti1", "stability": false}, "Al2Ti1": {"Ef": -0.42939563333333314, "Ed": -0.022257610416669255, "rxn": "0.125_Al11Ti5 + 0.125_Al5Ti3", "stability": true}, "Al38O21": {"Ef": -1.8590313151906788, "Ed": 0.17911260923738231, "rxn": "24.0_Al + 7.0_Al2O3", "stability": false}, "Al3Ca2F1O6": {"Ef": -3.5555301661408336, "Ed": 0.013005924078197376, "rxn": "0.4_Al4Ca1O7 + 0.2_Al7Ca6F1O16 + 0.4_Ca1F2", "stability": false}, "Al3Ca2O8": {"Ef": -2.8797924892307685, "Ed": 0.1812153485096148, "rxn": "0.1667_Al14Ca11O32 + 0.1667_Al4Ca1O7 + 1.5_O", "stability": false}, "Al3Ca4O10": {"Ef": -2.645204736911765, "Ed": 0.479953787662884, "rxn": "0.2143_Al14Ca11O32 + 1.6429_Ca1O1 + 1.5_O", "stability": false}, "Al3Ca8": {"Ef": -0.15902904045454555, "Ed": -0.020791441525972877, "rxn": "0.2143_Al14Ca13 + 5.2143_Ca", "stability": true}, "Al3F2O4": {"Ef": -3.3040558438755556, "Ed": 0.07600413567126828, "rxn": "0.6667_Al1F3 + 1.1667_Al2O3 + 0.5_O", "stability": false}, "Al3Ti1": {"Ef": -0.3976501749999999, "Ed": -0.07314365999999933, "rxn": "0.8_Al + 0.2_Al11Ti5", "stability": true}, "Al4Ca1": {"Ef": -0.1955805169999998, "Ed": 0.0023674479999995944, "rxn": "2.0_Al + 1.0_Al2Ca1", "stability": false}, "Al4Ca1O7": {"Ef": -3.4734060307291674, "Ed": -0.021176319651145192, "rxn": "1.0_Al2Ca1O4 + 1.0_Al2O3", "stability": true}, "Al5O8": {"Ef": -3.2409096519230767, "Ed": 0.06267528052884658, "rxn": "0.5_O + 2.5_Al2O3", "stability": false}, "Al5Ti3": {"Ef": -0.41014778125000007, "Ed": 0.013689973749999584, "rxn": "1.0_Al1Ti1 + 2.0_Al2Ti1", "stability": false}, "Al6Ca4O13": {"Ef": -3.4467881085326093, "Ed": 0.013481621086866555, "rxn": "0.3333_Al14Ca11O32 + 0.3333_Al4Ca1O7", "stability": false}, "Al6Ca5O14": {"Ef": -3.450885480500001, "Ed": 0.0033935289714537476, "rxn": "0.4286_Al14Ca11O32 + 0.2857_Ca1O1", "stability": false}, "Al7Ca6F1O16": {"Ef": -3.509224816039667, "Ed": -0.012315198918414675, "rxn": "0.5_Al14Ca11O32 + 0.5_Ca1F2", "stability": true}, "Al7Ca6O16": {"Ef": -3.4191338994827585, "Ed": -0.007633353462675382, "rxn": "0.4821_Al14Ca11O32 + 0.125_Al2Ca1 + 0.5714_Ca1O1", "stability": true}, "Al8O3": {"Ef": -1.3938584744318183, "Ed": 0.16783622090908035, "rxn": "6.0_Al + 1.0_Al2O3", "stability": false}, "Ca1F1": {"Ef": -2.820261375595, "Ed": 0.36394814875000936, "rxn": "0.5_Ca + 0.5_Ca1F2", "stability": false}, "Ca1F10Ti2": {"Ef": -3.854120304376923, "Ed": 0.03233840538460916, "rxn": "1.0_Ca1F6Ti1 + 1.0_F4Ti1", "stability": false}, "Ca1F2": {"Ef": -4.245612699126666, "Ed": -1.2726137833333304, "rxn": "0.5_Ca1F1 + 0.5_Ca1F3", "stability": true}, "Ca1F3": {"Ef": -3.0493676858925, "Ed": 0.13484183845242192, "rxn": "1.0_F + 1.0_Ca1F2", "stability": false}, "Ca1F4Ti1": {"Ef": -3.5421489166266666, "Ed": 0.22204798499998843, "rxn": "1.0_Ca1F2 + 0.6667_F3Ti1 + 0.3333_Ti", "stability": false}, "Ca1F5Ti1": {"Ef": -3.918018913707143, "Ed": 0.011888667142862122, "rxn": "1.0_Ca1F2 + 1.0_F3Ti1", "stability": false}, "Ca1F6Ti1": {"Ef": -3.9959232865175,