{"S_Si_Sn": {"S3Sn2": {"E": -0.4740568336875015, "amts": {"S": 0.6, "Si": 0.0, "Sn": 0.4}}, "S2Sn1": {"E": -0.474339106875, "amts": {"S": 0.6666666666666666, "Si": 0.0, "Sn": 0.3333333333333333}}, "S2Si1": {"E": -0.7492105485416662, "amts": {"S": 0.6666666666666666, "Si": 0.3333333333333333, "Sn": 0.0}}, "S1Sn1": {"E": -0.4720473264062477, "amts": {"S": 0.5, "Si": 0.0, "Sn": 0.5}}, "S3Si1Sn1": {"E": -0.5068361301874987, "amts": {"S": 0.6, "Si": 0.2, "Sn": 0.2}}, "S": {"E": 0, "amts": {"S": 1.0, "Si": 0.0, "Sn": 0.0}}, "Si": {"E": 0, "amts": {"S": 0.0, "Si": 1.0, "Sn": 0.0}}, "Sn": {"E": 0, "amts": {"S": 0.0, "Si": 0.0, "Sn": 1.0}}}, "S_Sr_V": {"S4V1": {"E": -0.6481537942500012, "amts": {"S": 0.8, "Sr": 0.0, "V": 0.2}}, "S1Sr1": {"E": -2.4477351014062503, "amts": {"S": 0.5, "Sr": 0.5, "V": 0.0}}, "S2V1": {"E": -1.0133465352083348, "amts": {"S": 0.6666666666666666, "Sr": 0.0, "V": 0.3333333333333333}}, "S4V3": {"E": -1.2568557644642866, "amts": {"S": 0.5714285714285714, "Sr": 0.0, "V": 0.42857142857142855}}, "S1V3": {"E": -0.6179791835156276, "amts": {"S": 0.25, "Sr": 0.0, "V": 0.75}}, "S4V5": {"E": -1.04059149513889, "amts": {"S": 0.4444444444444444, "Sr": 0.0, "V": 0.5555555555555556}}, "S3Sr1V1": {"E": -1.534574634687499, "amts": {"S": 0.6, "Sr": 0.2, "V": 0.2}}, "S": {"E": 0, "amts": {"S": 1.0, "Sr": 0.0, "V": 0.0}}, "Sr": {"E": 0, "amts": {"S": 0.0, "Sr": 1.0, "V": 0.0}}, "V": {"E": 0, "amts": {"S": 0.0, "Sr": 0.0, "V": 1.0}}}, "Mg_Nb_S": {"Nb1S2": {"E": -1.1578365235416659, "amts": {"Mg": 0.0, "Nb": 0.3333333333333333, "S": 0.6666666666666666}}, "Nb3S4": {"E": -1.2399985537499967, "amts": {"Mg": 0.0, "Nb": 0.42857142857142855, "S": 0.5714285714285714}}, "Mg1S2": {"E": -0.9864071585416667, "amts": {"Mg": 0.3333333333333333, "Nb": 0.0, "S": 0.6666666666666666}}, "Nb3S5": {"E": -1.2497569401953132, "amts": {"Mg": 0.0, "Nb": 0.375, "S": 0.625}}, "Nb1S3": {"E": -0.896996956692707, "amts": {"Mg": 0.0, "Nb": 0.25, "S": 0.75}}, "Mg1S1": {"E": -1.6611319789062504, "amts": {"Mg": 0.5, "Nb": 0.0, "S": 0.5}}, "Mg1Nb1S3": {"E": -1.1487537401874988, "amts": {"Mg": 0.2, "Nb": 0.2, "S": 0.6}}, "Mg": {"E": 0, "amts": {"Mg": 1.0, "Nb": 0.0, "S": 0.0}}, "Nb": {"E": 0, "amts": {"Mg": 0.0, "Nb": 1.0, "S": 0.0}}, "S": {"E": 0, "amts": {"Mg": 0.0, "Nb": 0.0, "S": 1.0}}}, "Mg_S_V": {"S4V1": {"E": -0.6481537942500012, "amts": {"Mg": 0.0, "S": 0.8, "V": 0.2}}, "Mg1S2": {"E": -0.9864071585416667, "amts": {"Mg": 0.3333333333333333, "S": 0.6666666666666666, "V": 0.0}}, "Mg1S1": {"E": -1.6611319789062504, "amts": {"Mg": 0.5, "S": 0.5, "V": 0.0}}, "S2V1": {"E": -1.0133465352083348, "amts": {"Mg": 0.0, "S": 0.6666666666666666, "V": 0.3333333333333333}}, "S4V3": {"E": -1.2568557644642866, "amts": {"Mg": 0.0, "S": 0.5714285714285714, "V": 0.42857142857142855}}, "S1V3": {"E": -0.6179791835156276, "amts": {"Mg": 0.0, "S": 0.25, "V": 0.75}}, "S4V5": {"E": -1.04059149513889, "amts": {"Mg": 0.0, "S": 0.4444444444444444, "V": 0.5555555555555556}}, "Mg1S3V1": {"E": -1.1142247011874986, "amts": {"Mg": 0.2, "S": 0.6, "V": 0.2}}, "Mg": {"E": 0, "amts": {"Mg": 1.0, "S": 0.0, "V": 0.0}}, "S": {"E": 0, "amts": {"Mg": 0.0, "S": 1.0, "V": 0.0}}, "V": {"E": 0, "amts": {"Mg": 0.0, "S": 0.0, "V": 1.0}}}, "S_Sn_Zn": {"S3Sn2": {"E": -0.4740568336875015, "amts": {"S": 0.6, "Sn": 0.4, "Zn": 0.0}}, "S1Zn1": {"E": -0.9624029581919658, "amts": {"S": 0.5, "Sn": 0.0, "Zn": 0.5}}, "S2Sn1": {"E": -0.474339106875, "amts": {"S": 0.6666666666666666, "Sn": 0.3333333333333333, "Zn": 0.0}}, "S1Sn1": {"E": -0.4720473264062477, "amts": {"S": 0.5, "Sn": 0.5, "Zn": 0.0}}, "S3Sn1Zn1": {"E": -0.5852492481875003, "amts": {"S": 0.6, "Sn": 0.2, "Zn": 0.2}}, "S": {"E": 0, "amts": {"S": 1.0, "Sn": 0.0, "Zn": 0.0}}, "Sn": {"E": 0, "amts": {"S": 0.0, "Sn": 1.0, "Zn": 0.0}}, "Zn": {"E": 0, "amts": {"S": 0.0, "Sn": 0.0, "Zn": 1.0}}}, "Ca_S_V": {"S4V1": {"E": -0.6481537942500012, "amts": {"Ca": 0.0, "S": 0.8, "V": 0.2}}, "S2V1": {"E": -1.0133465352083348, "amts": {"Ca": 0.0, "S": 0.6666666666666666, "V": 0.3333333333333333}}, "Ca1S1": {"E": -2.4392262364062507, "amts": {"Ca": 0.5, "S": 0.5, "V": 0.0}}, "S4V3": {"E": -1.2568557644642866, "amts": {"Ca": 0.0, "S": 0.5714285714285714, "V": 0.42857142857142855}}, "S1V3": {"E": -0.6179791835156276, "amts": {"Ca": 0.0, "S": 0.25, "V": 0.75}}, "S4V5": {"E": -1.04059149513889, "amts": {"Ca": 0.0, "S": 0.4444444444444444, "V": 0.5555555555555556}}, "Ca1S3V1": {"E": -1.4872288371875015, "amts": {"Ca": 0.2, "S": 0.6, "V": 0.2}}, "Ca": {"E": 0, "amts": {"Ca": 1.0, "S": 0.0, "V": 0.0}}, "S": {"E": 0, "amts": {"Ca": 0.0, "S": 1.0, "V": 0.0}}, "V": {"E": 0, "amts": {"Ca": 0.0, "S": 0.0, "V": 1.0}}}, "Ge_S_Sn": {"Ge1S2": {"E": -0.39273562354166813, "amts": {"Ge": 0.3333333333333333, "S": 0.6666666666666666, "Sn": 0.0}}, "S3Sn2": {"E": -0.4740568336875015, "amts": {"Ge": 0.0, "S": 0.6, "Sn": 0.4}}, "S2Sn1": {"E": -0.474339106875, "amts": {"Ge": 0.0, "S": 0.6666666666666666, "Sn": 0.3333333333333333}}, "S1Sn1": {"E": -0.4720473264062477, "amts": {"Ge": 0.0, "S": 0.5, "Sn": 0.5}}, "Ge1S1": {"E": -0.24783890390625096, "amts": {"Ge": 0.5, "S": 0.5, "Sn": 0.0}}, "Ge1S3Sn1": {"E": -0.31402874968750044, "amts": {"Ge": 0.2, "S": 0.6, "Sn": 0.2}}, "Ge": {"E": 0, "amts": {"Ge": 1.0, "S": 0.0, "Sn": 0.0}}, "S": {"E": 0, "amts": {"Ge": 0.0, "S": 1.0, "Sn": 0.0}}, "Sn": {"E": 0, "amts": {"Ge": 0.0, "S": 0.0, "Sn": 1.0}}}, "Cu_S_Sn": {"S3Sn2": {"E": -0.4740568336875015, "amts": {"Cu": 0.0, "S": 0.6, "Sn": 0.4}}, "Cu2S3Sn1": {"E": -0.4099875680729165, "amts": {"Cu": 0.3333333333333333, "S": 0.5, "Sn": 0.16666666666666666}}, "S2Sn1": {"E": -0.474339106875, "amts": {"Cu": 0.0, "S": 0.6666666666666666, "Sn": 0.3333333333333333}}, "S1Sn1": {"E": -0.4720473264062477, "amts": {"Cu": 0.0, "S": 0.5, "Sn": 0.5}}, "Cu1S1": {"E": -0.27724333473958573, "amts": {"Cu": 0.5, "S": 0.5, "Sn": 0.0}}, "Cu1S3Sn1": {"E": -0.238781738187501, "amts": {"Cu": 0.2, "S": 0.6, "Sn": 0.2}}, "Cu": {"E": 0, "amts": {"Cu": 1.0, "S": 0.0, "Sn": 0.0}}, "S": {"E": 0, "amts": {"Cu": 0.0, "S": 1.0, "Sn": 0.0}}, "Sn": {"E": 0, "amts": {"Cu": 0.0, "S": 0.0, "Sn": 1.0}}}, "S_Si_Zn": {"S1Zn1": {"E": -0.9624029581919658, "amts": {"S": 0.5, "Si": 0.0, "Zn": 0.5}}, "S2Si1": {"E": -0.7492105485416662, "amts": {"S": 0.6666666666666666, "Si": 0.3333333333333333, "Zn": 0.0}}, "S3Si1Zn1": {"E": -0.6050566986874998, "amts": {"S": 0.6, "Si": 0.2, "Zn": 0.2}}, "S": {"E": 0, "amts": {"S": 1.0, "Si": 0.0, "Zn": 0.0}}, "Si": {"E": 0, "amts": {"S": 0.0, "Si": 1.0, "Zn": 0.0}}, "Zn": {"E": 0, "amts": {"S": 0.0, "Si": 0.0, "Zn": 1.0}}}, "Ca_Nb_S": {"Nb1S2": {"E": -1.1578365235416659, "amts": {"Ca": 0.0, "Nb": 0.3333333333333333, "S": 0.6666666666666666}}, "Nb3S4": {"E": -1.2399985537499967, "amts": {"Ca": 0.0, "Nb": 0.42857142857142855, "S": 0.5714285714285714}}, "Nb3S5": {"E": -1.2497569401953132, "amts": {"Ca": 0.0, "Nb": 0.375, "S": 0.625}}, "Nb1S3": {"E": -0.896996956692707, "amts": {"Ca": 0.0, "Nb": 0.25, "S": 0.75}}, "Ca1S1": {"E": -2.4392262364062507, "amts": {"Ca": 0.5, "Nb": 0.0, "S": 0.5}}, "Ca1Nb1S3": {"E": -1.5381457256874995, "amts": {"Ca": 0.2, "Nb": 0.2, "S": 0.6}}, "Ca": {"E": 0, "amts": {"Ca": 1.0, "Nb": 0.0, "S": 0.0}}, "Nb": {"E": 0, "amts": {"Ca": 0.0, "Nb": 1.0, "S": 0.0}}, "S": {"E": 0, "amts": {"Ca": 0.0, "Nb": 0.0, "S": 1.0}}}, "Mg_S_Si": {"Mg1S2": {"E": -0.9864071585416667, "amts": {"Mg": 0.3333333333333333, "S": 0.6666666666666666, "Si": 0.0}}, "Mg2Si1": {"E": -0.1954210000000008, "amts": {"Mg": 0.6666666666666666, "S": 0.0, "Si": 0.3333333333333333}}, "Mg1S1": {"E": -1.6611319789062504, "amts": {"Mg": 0.5, "S": 0.5, "Si": 0.0}}, "Mg2S4Si1": {"E": -1.3130607223214292, "amts": {"Mg": 0.2857142857142857, "S": 0.5714285714285714, "Si": 0.14285714285714285}}, "S2Si1": {"E": -0.7492105485416662, "amts": {"Mg": 0.0, "S": 0.6666666666666666, "Si": 0.3333333333333333}}, "Mg1S3Si1": {"E": -0.8367575616875002, "amts": {"Mg": 0.2, "S": 0.6, "Si": 0.2}}, "Mg": {"E": 0, "amts": {"Mg": 1.0, "S": 0.0, "Si": 0.0}}, "S": {"E": 0, "amts": {"Mg": 0.0,