{"Al1": {"E_mp": -3.74557583, "Ef_mp": 0.0, "Ehull_mp": 0, "sg": 225, "mpid": "mp-134", "pretty_formula": "Al", "nsites": 1, "volume": 16.471721384740732, "cmpd": "Al1"}, "Al1Mg3": {"E_mp": -2.1293303075, "Ef_mp": 0.004735587499999916, "Ehull_mp": 0.0343556725536418, "sg": 194, "mpid": "mp-1094970", "pretty_formula": "Mg3Al", "nsites": 8, "volume": 167.09363346988005, "cmpd": "Al1Mg3"}, "Al13Mg16": {"E_mp": -2.5342024444827587, "Ef_mp": 0.025894812643678013, "Ehull_mp": 0.05405618809561119, "sg": 8, "mpid": "mp-1094685", "pretty_formula": "Mg16Al13", "nsites": 29, "volume": 577.8878799674176, "cmpd": "Al13Mg16"}, "Al3Mg1": {"E_mp": -3.2006925525, "Ef_mp": 0.00771329916666641, "Ehull_mp": 0.025026051249999792, "sg": 139, "mpid": "mp-1038916", "pretty_formula": "MgAl3", "nsites": 4, "volume": 71.0833585529292, "cmpd": "Al3Mg1"}, "Al1Mg1": {"E_mp": -2.67368411, "Ef_mp": -0.011404066666666601, "Ehull_mp": 0.02451052420454536, "sg": 123, "mpid": "mp-1039141", "pretty_formula": "MgAl", "nsites": 2, "volume": 38.4672189471404, "cmpd": "Al1Mg1"}, "Al2Mg1": {"E_mp": -3.0524328616666665, "Ef_mp": -0.02308366944444451, "Ehull_mp": 0, "sg": 194, "mpid": "mp-1094116", "pretty_formula": "MgAl2", "nsites": 12, "volume": 226.53615168167917, "cmpd": "Al2Mg1"}, "Al1Mg149": {"E_mp": -1.6418165332, "Ef_mp": -0.030596083777777682, "Ehull_mp": 0, "sg": 187, "mpid": "mp-1185596", "pretty_formula": "Mg149Al", "nsites": 150, "volume": 3417.898480015, "cmpd": "Al1Mg149"}, "Al30Mg23": {"E_mp": -2.77279956264151, "Ef_mp": 0.040330267232704116, "Ehull_mp": 0.06575361451972483, "sg": 148, "mpid": "mp-17659", "pretty_formula": "Mg23Al30", "nsites": 53, "volume": 1023.4619946641388, "cmpd": "Al30Mg23"}, "Al16Mg13": {"E_mp": -2.763961730689655, "Ef_mp": 0.018412758850574612, "Ehull_mp": 0.04416890514106564, "sg": 217, "mpid": "mp-1194114", "pretty_formula": "Mg13Al16", "nsites": 29, "volume": 566.2376162263075, "cmpd": "Al16Mg13"}, "Al12Mg17": {"E_mp": -2.514967964827586, "Ef_mp": -0.02896311850574699, "Ehull_mp": 0, "sg": 217, "mpid": "mp-2151", "pretty_formula": "Mg17Al12", "nsites": 29, "volume": 584.2178183411263, "cmpd": "Al12Mg17"}, "Al67Mg41": {"E_mp": -2.8625012408333332, "Ef_mp": 0.06737202947530871, "Ehull_mp": 0.09153211320496579, "sg": 221, "mpid": "mp-568106", "pretty_formula": "Mg41Al67", "nsites": 108, "volume": 2023.0851732996819, "cmpd": "Al67Mg41"}, "Al14Mg13": {"E_mp": -2.64845823, "Ef_mp": 0.06256801209876528, "Ehull_mp": 0.08909620725589207, "sg": 229, "mpid": "mp-12766", "pretty_formula": "Mg13Al14", "nsites": 27, "volume": 530.1861810371622, "cmpd": "Al14Mg13"}, "Al11Mg18": {"E_mp": -2.3730906299999996, "Ef_mp": 0.038821805517241514, "Ehull_mp": 0.06792323276991397, "sg": 8, "mpid": "mp-1094700", "pretty_formula": "Mg18Al11", "nsites": 29, "volume": 591.1693006315845, "cmpd": "Al11Mg18"}, "Al34Mg5O56": {"E_mp": -7.208632367263158, "Ef_mp": -3.281355271964913, "Ehull_mp": 0.1351435359473685, "sg": 8, "mpid": "mp-530754", "pretty_formula": "Mg5Al34O56", "nsites": 95, "volume": 925.2914373143049, "cmpd": "Al34Mg5O56"}, "Al12Mg16O1": {"E_mp": -2.6637082668965517, "Ef_mp": -0.08636653946839076, "Ehull_mp": 0.15113768194357302, "sg": 217, "mpid": "mp-1185684", "pretty_formula": "Mg16Al12O", "nsites": 29, "volume": 595.1490819318782, "cmpd": "Al12Mg16O1"}, "Al22Mg7O40": {"E_mp": -7.172017185072463, "Ef_mp": -3.354516338309179, "Ehull_mp": 0.04414639137681142, "sg": 8, "mpid": "mp-530826", "pretty_formula": "Mg7Al22O40", "nsites": 69, "volume": 666.2696668620881, "cmpd": "Al22Mg7O40"}, "Al2Mg1O4": {"E_mp": -7.107920977857143, "Ef_mp": -3.3835339133333338, "Ehull_mp": 0, "sg": 227, "mpid": "mp-3536", "pretty_formula": "MgAl2O4", "nsites": 14, "volume": 136.37137682077625, "cmpd": "Al2Mg1O4"}, "Al2Mg2O5": {"E_mp": -6.461848473333333, "Ef_mp": -2.9159294914351843, "Ehull_mp": 0.39624800277777794, "sg": 123, "mpid": "mp-1185757", "pretty_formula": "Mg2Al2O5", "nsites": 9, "volume": 90.9203462826419, "cmpd": "Al2Mg2O5"}, "Al10Mg1O16": {"E_mp": -7.3635448803703705, "Ef_mp": -3.401200372345679, "Ehull_mp": 0.020996071666667504, "sg": 160, "mpid": "mp-757911", "pretty_formula": "MgAl10O16", "nsites": 27, "volume": 258.5438190709857, "cmpd": "Al10Mg1O16"}, "Al6Mg1O10": {"E_mp": -7.292375385735294, "Ef_mp": -3.379022116078432, "Ehull_mp": 0.03521439514705804, "sg": 8, "mpid": "mp-530216", "pretty_formula": "MgAl6O10", "nsites": 68, "volume": 653.2577389291265, "cmpd": "Al6Mg1O10"}, "Al14Mg3O24": {"E_mp": -7.268191552682928, "Ef_mp": -3.387100805853659, "Ehull_mp": 0.021893798414634347, "sg": 8, "mpid": "mp-39003", "pretty_formula": "Mg3Al14O24", "nsites": 41, "volume": 396.5839213735079, "cmpd": "Al14Mg3O24"}, "Al7Mg5O16": {"E_mp": -6.90361362, "Ef_mp": -3.2559651238095233, "Ehull_mp": 0.032744553281250255, "sg": 10, "mpid": "mp-1222118", "pretty_formula": "Mg5Al7O16", "nsites": 28, "volume": 277.8983548758491, "cmpd": "Al7Mg5O16"}, "Al1Mg2O6": {"E_mp": -5.4492253433333335, "Ef_mp": -1.8477408460185183, "Ehull_mp": 0.48888790715277786, "sg": 2, "mpid": "mp-1222192", "pretty_formula": "Mg2AlO6", "nsites": 9, "volume": 262.0072345601061, "cmpd": "Al1Mg2O6"}, "Al1Mg1O3": {"E_mp": -6.169099996, "Ef_mp": -2.553206365416666, "Ehull_mp": 0.4277533793749999, "sg": 221, "mpid": "mp-1185841", "pretty_formula": "MgAlO3", "nsites": 5, "volume": 49.60497747034924, "cmpd": "Al1Mg1O3"}, "Al2O3": {"E_mp": -7.481357943000001, "Ef_mp": -3.4357283297500003, "Ehull_mp": 0, "sg": 167, "mpid": "mp-1143", "pretty_formula": "Al2O3", "nsites": 10, "volume": 87.42003699644115, "cmpd": "Al2O3"}, "Al38O21": {"E_mp": -5.7826051522033906, "Ef_mp": -1.8590313151906788, "Ehull_mp": 0.17911260923728278, "sg": 1, "mpid": "mp-1245113", "pretty_formula": "Al38O21", "nsites": 59, "volume": 1419.400611618393, "cmpd": "Al38O21"}, "Al5O8": {"E_mp": -7.294232951923077, "Ef_mp": -3.2409096519230767, "Ehull_mp": 0.06267528052885485, "sg": 186, "mpid": "mp-1182893", "pretty_formula": "Al5O8", "nsites": 26, "volume": 244.1102709698692, "cmpd": "Al5O8"}, "Al8O3": {"E_mp": -5.275822387727273, "Ef_mp": -1.3938584744318183, "Ehull_mp": 0.1678362209090949, "sg": 1, "mpid": "mp-1244893", "pretty_formula": "Al8O3", "nsites": 44, "volume": 1406.8105005317375, "cmpd": "Al8O3"}, "Al1O3": {"E_mp": -5.72092495375, "Ef_mp": -1.6002818946875, "Ehull_mp": 0.5470483114062503, "sg": 167, "mpid": "mp-1253219", "pretty_formula": "AlO3", "nsites": 8, "volume": 101.78260132032699, "cmpd": "Al1O3"}, "Al1O2": {"E_mp": -6.7603986449999995, "Ef_mp": -2.6814297224999994, "Ehull_mp": 0.1816772189583329, "sg": 58, "mpid": "mp-1182858", "pretty_formula": "AlO2", "nsites": 6, "volume": 54.05152548171234, "cmpd": "Al1O2"}, "Al2O1": {"E_mp": -5.6374966961111115, "Ef_mp": -1.725224319861111, "Ehull_mp": 0.18351364111112378, "sg": 1, "mpid": "mp-1245215", "pretty_formula": "Al2O", "nsites": 54, "volume": 1377.6350727467407, "cmpd": "Al2O1"}, "Al11O18": {"E_mp": -7.197122729482759, "Ef_mp": -3.1410147950862073, "Ehull_mp": 0.11687180967673871, "sg": 11, "mpid": "mp-1229215", "pretty_formula": "Al11O18", "nsites": 58, "volume": 634.3399986339136, "cmpd": "Al11O18"}, "Al1O1": {"E_mp": -5.555384055, "Ef_mp": -1.5597634056250005, "Ehull_mp": 1.3033435358333394, "sg": 225, "mpid": "mp-8023", "pretty_formula": "AlO", "nsites": 2, "volume": 22.426655230978525, "cmpd": "Al1O1"}, "Mg1": {"E_mp": -1.5968959166666667, "Ef_mp": 0.0, "Ehull_mp": 0, "sg": 166, "mpid": "mp-1094122", "pretty_formula": "Mg", "nsites": 3, "volume": 68.24940202553526, "cmpd": "Mg1"}, "Mg1O1": {"E_mp": -5.98371072, "Ef_mp": -3.0624300272916667, "Ehull_mp": 0, "sg": 225, "mpid": "mp-1265", "pretty_formula": "MgO", "nsites": 2, "volume": 19.2793782653415, "cmpd": "Mg1O1"}, "Mg1O2": {"E_mp": -5.542774860833333, "Ef_mp": -2.022652576111111, "Ehull_mp": 0.01896744208333434, "sg": 205, "mpid": "mp-2589", "pretty_formula": "MgO2", "nsites": 12, "volume": 117.51644258619102, "cmpd": "Mg1O2"}, "O1": {"E_mp": -4.94795546875, "Ef_mp": 0.0, "Ehull_mp": 0, "sg": 12, "mpid": "mp-12957",