{"Al1": {"energy_per_atom": -3.74557583, "pretty_formula": "Al", "material_id": "mp-134", "formation_energy_per_atom": 0.0, "e_above_hull": 0, "nsites": 1, "volume": 16.471721384740732, "spacegroup.number": 225}, "Al1Mg3": {"energy_per_atom": -2.1293303075, "pretty_formula": "Mg3Al", "material_id": "mp-1094970", "formation_energy_per_atom": 0.004735587499999916, "e_above_hull": 0.0343556725536418, "nsites": 8, "volume": 167.09363346988005, "spacegroup.number": 194}, "Al13Mg16": {"energy_per_atom": -2.5342024444827587, "pretty_formula": "Mg16Al13", "material_id": "mp-1094685", "formation_energy_per_atom": 0.025894812643678013, "e_above_hull": 0.05405618809561119, "nsites": 29, "volume": 577.8878799674176, "spacegroup.number": 8}, "Al3Mg1": {"energy_per_atom": -3.2006925525, "pretty_formula": "MgAl3", "material_id": "mp-1038916", "formation_energy_per_atom": 0.00771329916666641, "e_above_hull": 0.025026051249999792, "nsites": 4, "volume": 71.0833585529292, "spacegroup.number": 139}, "Al1Mg1": {"energy_per_atom": -2.67368411, "pretty_formula": "MgAl", "material_id": "mp-1039141", "formation_energy_per_atom": -0.011404066666666601, "e_above_hull": 0.02451052420454536, "nsites": 2, "volume": 38.4672189471404, "spacegroup.number": 123}, "Al2Mg1": {"energy_per_atom": -3.0524328616666665, "pretty_formula": "MgAl2", "material_id": "mp-1094116", "formation_energy_per_atom": -0.02308366944444451, "e_above_hull": 0, "nsites": 12, "volume": 226.53615168167917, "spacegroup.number": 194}, "Al1Mg149": {"energy_per_atom": -1.6418165332, "pretty_formula": "Mg149Al", "material_id": "mp-1185596", "formation_energy_per_atom": -0.030596083777777682, "e_above_hull": 0, "nsites": 150, "volume": 3417.898480015, "spacegroup.number": 187}, "Al30Mg23": {"energy_per_atom": -2.77279956264151, "pretty_formula": "Mg23Al30", "material_id": "mp-17659", "formation_energy_per_atom": 0.040330267232704116, "e_above_hull": 0.06575361451972483, "nsites": 53, "volume": 1023.4619946641388, "spacegroup.number": 148}, "Al16Mg13": {"energy_per_atom": -2.763961730689655, "pretty_formula": "Mg13Al16", "material_id": "mp-1194114", "formation_energy_per_atom": 0.018412758850574612, "e_above_hull": 0.04416890514106564, "nsites": 29, "volume": 566.2376162263075, "spacegroup.number": 217}, "Al12Mg17": {"energy_per_atom": -2.514967964827586, "pretty_formula": "Mg17Al12", "material_id": "mp-2151", "formation_energy_per_atom": -0.02896311850574699, "e_above_hull": 0, "nsites": 29, "volume": 584.2178183411263, "spacegroup.number": 217}, "Al67Mg41": {"energy_per_atom": -2.8625012408333332, "pretty_formula": "Mg41Al67", "material_id": "mp-568106", "formation_energy_per_atom": 0.06737202947530871, "e_above_hull": 0.09153211320496579, "nsites": 108, "volume": 2023.0851732996819, "spacegroup.number": 221}, "Al14Mg13": {"energy_per_atom": -2.64845823, "pretty_formula": "Mg13Al14", "material_id": "mp-12766", "formation_energy_per_atom": 0.06256801209876528, "e_above_hull": 0.08909620725589207, "nsites": 27, "volume": 530.1861810371622, "spacegroup.number": 229}, "Al11Mg18": {"energy_per_atom": -2.3730906299999996, "pretty_formula": "Mg18Al11", "material_id": "mp-1094700", "formation_energy_per_atom": 0.038821805517241514, "e_above_hull": 0.06792323276991397, "nsites": 29, "volume": 591.1693006315845, "spacegroup.number": 8}, "Al34Mg5O56": {"energy_per_atom": -7.208632367263158, "pretty_formula": "Mg5Al34O56", "material_id": "mp-530754", "formation_energy_per_atom": -3.281355271964913, "e_above_hull": 0.1351435359473685, "nsites": 95, "volume": 925.2914373143049, "spacegroup.number": 8}, "Al12Mg16O1": {"energy_per_atom": -2.6637082668965517, "pretty_formula": "Mg16Al12O", "material_id": "mp-1185684", "formation_energy_per_atom": -0.08636653946839076, "e_above_hull": 0.15113768194357302, "nsites": 29, "volume": 595.1490819318782, "spacegroup.number": 217}, "Al22Mg7O40": {"energy_per_atom": -7.172017185072463, "pretty_formula": "Mg7Al22O40", "material_id": "mp-530826", "formation_energy_per_atom": -3.354516338309179, "e_above_hull": 0.04414639137681142, "nsites": 69, "volume": 666.2696668620881, "spacegroup.number": 8}, "Al2Mg1O4": {"energy_per_atom": -7.107920977857143, "pretty_formula": "MgAl2O4", "material_id": "mp-3536", "formation_energy_per_atom": -3.3835339133333338, "e_above_hull": 0, "nsites": 14, "volume": 136.37137682077625, "spacegroup.number": 227}, "Al2Mg2O5": {"energy_per_atom": -6.461848473333333, "pretty_formula": "Mg2Al2O5", "material_id": "mp-1185757", "formation_energy_per_atom": -2.9159294914351843, "e_above_hull": 0.39624800277777794, "nsites": 9, "volume": 90.9203462826419, "spacegroup.number": 123}, "Al10Mg1O16": {"energy_per_atom": -7.3635448803703705, "pretty_formula": "MgAl10O16", "material_id": "mp-757911", "formation_energy_per_atom": -3.401200372345679, "e_above_hull": 0.020996071666667504, "nsites": 27, "volume": 258.5438190709857, "spacegroup.number": 160}, "Al6Mg1O10": {"energy_per_atom": -7.292375385735294, "pretty_formula": "MgAl6O10", "material_id": "mp-530216", "formation_energy_per_atom": -3.379022116078432, "e_above_hull": 0.03521439514705804, "nsites": 68, "volume": 653.2577389291265, "spacegroup.number": 8}, "Al14Mg3O24": {"energy_per_atom": -7.268191552682928, "pretty_formula": "Mg3Al14O24", "material_id": "mp-39003", "formation_energy_per_atom": -3.387100805853659, "e_above_hull": 0.021893798414634347, "nsites": 41, "volume": 396.5839213735079, "spacegroup.number": 8}, "Al7Mg5O16": {"energy_per_atom": -6.90361362, "pretty_formula": "Mg5Al7O16", "material_id": "mp-1222118", "formation_energy_per_atom": -3.2559651238095233, "e_above_hull": 0.032744553281250255, "nsites": 28, "volume": 277.8983548758491, "spacegroup.number": 10}, "Al1Mg2O6": {"energy_per_atom": -5.4492253433333335, "pretty_formula": "Mg2AlO6", "material_id": "mp-1222192", "formation_energy_per_atom": -1.8477408460185183, "e_above_hull": 0.48888790715277786, "nsites": 9, "volume": 262.0072345601061, "spacegroup.number": 2}, "Al1Mg1O3": {"energy_per_atom": -6.169099996, "pretty_formula": "MgAlO3", "material_id": "mp-1185841", "formation_energy_per_atom": -2.553206365416666, "e_above_hull": 0.4277533793749999, "nsites": 5, "volume": 49.60497747034924, "spacegroup.number": 221}, "Al2O3": {"energy_per_atom": -7.481357943000001, "pretty_formula": "Al2O3", "material_id": "mp-1143", "formation_energy_per_atom": -3.4357283297500003, "e_above_hull": 0, "nsites": 10, "volume": 87.42003699644115, "spacegroup.number": 167}, "Al38O21": {"energy_per_atom": -5.7826051522033906, "pretty_formula": "Al38O21", "material_id": "mp-1245113", "formation_energy_per_atom": -1.8590313151906788, "e_above_hull": 0.17911260923728278, "nsites": 59, "volume": 1419.400611618393, "spacegroup.number": 1}, "Al5O8": {"energy_per_atom": -7.294232951923077, "pretty_formula": "Al5O8", "material_id": "mp-1182893", "formation_energy_per_atom": -3.2409096519230767, "e_above_hull": 0.06267528052885485, "nsites": 26, "volume": 244.1102709698692, "spacegroup.number": 186}, "Al8O3": {"energy_per_atom": -5.275822387727273, "pretty_formula": "Al8O3", "material_id": "mp-1244893", "formation_energy_per_atom": -1.3938584744318183, "e_above_hull": 0.1678362209090949, "nsites": 44, "volume": 1406.8105005317375, "spacegroup.number": 1}, "Al1O3": {"energy_per_atom": -5.72092495375, "pretty_formula": "AlO3", "material_id": "mp-1253219", "formation_energy_per_atom": -1.6002818946875, "e_above_hull": 0.5470483114062503, "nsites": 8, "volume": 101.78260132032699, "spacegroup.number": 167}, "Al1O2": {"energy_per_atom": -6.7603986449999995, "pretty_formula": "AlO2", "material_id": "mp-1182858", "formation_energy_per_atom": -2.6814297224999994, "e_above_hull": 0.1816772189583329, "nsites": 6, "volume": 54.05152548171234, "spacegroup.number": 58}, "Al2O1": {"energy_per_atom": -5.6374966961111115, "pretty_formula": "Al2O", "material_id": "mp-1245215", "formation_energy_per_atom": -1.725224319861111, "e_above_hull": 0.18351364111112378, "nsites": 54,