{"O10Ti9": {"Ef": -2.8239346706578936, "Ed": 0.19635448894743115, "rxn": "7.0_O1Ti1 + 1.0_O3Ti2", "stability": false}, "O11Ti10": {"Ef": -2.8643365782738095, "Ed": 0.1460034838096183, "rxn": "8.0_O1Ti1 + 1.0_O3Ti2", "stability": false}, "O11Ti6": {"Ef": -3.4466698737499994, "Ed": 0.007742298676466717, "rxn": "1.0_O5Ti3 + 3.0_O2Ti1", "stability": false}, "O13Ti10": {"Ef": -3.1464735841847817, "Ed": -0.18482967570655817, "rxn": "6.0_O1Ti1 + 2.0_O3Ti2", "stability": false}, "O13Ti7": {"Ef": -3.4499869033124995, "Ed": 0.013058153499996195, "rxn": "1.0_O5Ti3 + 4.0_O2Ti1", "stability": false}, "O13Ti8": {"Ef": -3.361419290773809, "Ed": 0.009943174285740361, "rxn": "1.0_O3Ti2 + 2.0_O5Ti3", "stability": false}, "O13Ti9": {"Ef": -3.135930904374999, "Ed": 0.14077363227274536, "rxn": "1.0_O1Ti1 + 4.0_O3Ti2", "stability": false}, "O14Ti11": {"Ef": -3.1069759203, "Ed": 0.0470291099999622, "rxn": "5.0_O1Ti1 + 3.0_O3Ti2", "stability": false}, "O15Ti8": {"Ef": -3.4544198253804344, "Ed": 0.015006059021747892, "rxn": "1.0_O5Ti3 + 5.0_O2Ti1", "stability": false}, "O17Ti9": {"Ef": -3.458680055625, "Ed": 0.01565415769230655, "rxn": "1.0_O5Ti3 + 6.0_O2Ti1", "stability": false}, "O18Ti11": {"Ef": -3.358784049396549, "Ed": 0.017627539655167418, "rxn": "1.0_O3Ti2 + 3.0_O5Ti3", "stability": false}, "O1Ti1": {"Ef": -2.9158236356249994, "Ed": -0.07995520133579781, "rxn": "0.084_O1Ti2 + 0.1328_O2Ti3 + 0.2168_O3Ti2", "stability": true}, "O1Ti2": {"Ef": -2.0409225470833334, "Ed": -0.019603182502758425, "rxn": "0.5_O1Ti1 + 0.5_O1Ti3", "stability": true}, "O1Ti3": {"Ef": -1.574067229062499, "Ed": -0.023873387497921783, "rxn": "0.75_O1Ti2 + 0.25_O1Ti6", "stability": true}, "O1Ti6": {"Ef": -0.9192569344642842, "Ed": -0.01978994642962295, "rxn": "1.0_O1Ti3 + 3.0_Ti", "stability": true}, "O22Ti13": {"Ef": -3.3897605146428567, "Ed": 0.010387813071434136, "rxn": "4.0_O5Ti3 + 1.0_O2Ti1", "stability": false}, "O2Ti1": {"Ef": -3.5119647349999994, "Ed": -0.18138394070851463, "rxn": "0.1111_O + 0.1111_O17Ti9", "stability": true}, "O2Ti3": {"Ef": -2.3589716745000002, "Ed": 0.03191130800004096, "rxn": "1.0_O1Ti2 + 1.0_O1Ti1", "stability": false}, "O30Ti19": {"Ef": -3.3401990417857137, "Ed": 0.01024562387754356, "rxn": "5.0_O3Ti2 + 3.0_O5Ti3", "stability": false}, "O3Ti2": {"Ef": -3.3127926267499985, "Ed": -0.01789546799824109, "rxn": "0.5_O1Ti1 + 0.5_O5Ti3", "stability": true}, "O3Ti4": {"Ef": -2.4418108605357136, "Ed": 0.09905516571417396, "rxn": "1.0_O1Ti2 + 2.0_O1Ti1", "stability": false}, "O4Ti3": {"Ef": -3.172725260714285, "Ed": 0.02664765428562177, "rxn": "1.0_O1Ti1 + 1.0_O3Ti2", "stability": false}, "O5Ti3": {"Ef": -3.38966553953125, "Ed": -0.0021833721886643787, "rxn": "1.0_O2Ti1 + 1.0_O3Ti2", "stability": true}, "O5Ti4": {"Ef": -3.0997490106944445, "Ed": 0.036612953333493986, "rxn": "2.0_O1Ti1 + 1.0_O3Ti2", "stability": false}, "O7Ti2": {"Ef": -1.8398589531944438, "Ed": 0.5014508701388196, "rxn": "3.0_O + 2.0_O2Ti1", "stability": false}, "O7Ti3": {"Ef": -2.9245237323750004, "Ed": 0.23624452912502392, "rxn": "1.0_O + 3.0_O2Ti1", "stability": false}, "O7Ti4": {"Ef": -3.416087894431818, "Ed": 0.0069319711363830675, "rxn": "1.0_O5Ti3 + 1.0_O2Ti1", "stability": false}, "O7Ti5": {"Ef": -3.091445329895835, "Ed": 0.155185798333329, "rxn": "1.0_O1Ti1 + 2.0_O3Ti2", "stability": false}, "O8Ti3": {"Ef": -2.4524292945454538, "Ed": 0.4209963977272547, "rxn": "2.0_O + 3.0_O2Ti1", "stability": false}, "O8Ti5": {"Ef": -3.348306049999999, "Ed": 0.011792984615365864, "rxn": "1.0_O3Ti2 + 1.0_O5Ti3", "stability": false}, "O8Ti7": {"Ef": -2.932363294, "Ed": 0.11578331974306574, "rxn": "5.0_O1Ti1 + 1.0_O3Ti2", "stability": false}, "O8Ti9": {"Ef": -2.598984505588235, "Ed": 0.16244482029408153, "rxn": "1.0_O1Ti2 + 7.0_O1Ti1", "stability": false}, "O9Ti5": {"Ef": -3.4311595922321407, "Ed": 0.010919888214278473, "rxn": "1.0_O5Ti3 + 2.0_O2Ti1", "stability": false}}