{"Al10Mg1O16": {"Ef": -3.401200372345679, "Ed": 0.020996071666668097, "rxn": "1.0_Al2Mg1O4 + 4.0_Al2O3", "stability": false}, "Al11Mg18": {"Ef": 0.038821805517241514, "Ed": 0.06792323276991376, "rxn": "0.0164_Al1Mg149 + 0.9153_Al12Mg17", "stability": false}, "Al11O18": {"Ef": -3.1410147950862073, "Ed": 0.1170034486422396, "rxn": "1.5_O + 5.5_Al2O3", "stability": false}, "Al11Ti5": {"Ef": -0.40563314374999937, "Ed": 0.01582612500000047, "rxn": "4.0_Al2Ti1 + 1.0_Al3Ti1", "stability": false}, "Al12Mg16O1": {"Ef": -0.08636653946839076, "Ed": 0.15113768194359462, "rxn": "0.8182_Al12Mg17 + 1.0909_Al2Mg1 + 1.0_Mg1O1", "stability": false}, "Al12Mg16Ti1": {"Ef": 0.025950932298850513, "Ed": 0.10788592237548447, "rxn": "0.2442_Al12Mg17 + 0.5_Al18Mg3Ti2 + 0.0695_Al1Mg149", "stability": false}, "Al12Mg17": {"Ef": -0.02896311850574699, "Ed": -0.003001129393359212, "rxn": "0.0741_Al1Mg149 + 5.963_Al2Mg1", "stability": true}, "Al13Mg16": {"Ef": 0.025894812643678013, "Ed": 0.054056188095611024, "rxn": "0.8636_Al12Mg17 + 1.3182_Al2Mg1", "stability": false}, "Al14Mg13": {"Ef": 0.06256801209876528, "Ed": 0.08909620725589205, "rxn": "0.5455_Al12Mg17 + 3.7273_Al2Mg1", "stability": false}, "Al14Mg3O24": {"Ef": -3.387100805853659, "Ed": 0.02189379841463894, "rxn": "3.0_Al2Mg1O4 + 4.0_Al2O3", "stability": false}, "Al16Mg13": {"Ef": 0.018412758850574612, "Ed": 0.04416890515905615, "rxn": "0.4545_Al12Mg17 + 5.2727_Al2Mg1", "stability": false}, "Al18Mg3Ti2": {"Ef": -0.161065057608696, "Ed": -0.013719213043478857, "rxn": "6.0_Al + 3.0_Al2Mg1 + 2.0_Al3Ti1", "stability": true}, "Al1Mg1": {"Ef": -0.011404066666666601, "Ed": 0.015554694204545454, "rxn": "0.0455_Al12Mg17 + 0.2273_Al2Mg1", "stability": false}, "Al1Mg149": {"Ef": -0.030596083777777682, "Ed": -0.030129455757407317, "rxn": "0.0833_Al12Mg17 + 147.5833_Mg", "stability": true}, "Al1Mg14O16Ti1": {"Ef": -2.9290438873958324, "Ed": 0.12096158649929789, "rxn": "0.2_Al1Ti1 + 0.4_Al2Mg1O4 + 13.6_Mg1O1 + 0.8_O1Ti1", "stability": false}, "Al1Mg1O3": {"Ef": -2.553206365416666, "Ed": 0.42775337937503577, "rxn": "0.5_Al2Mg1O4 + 0.5_Mg1O1 + 0.5_O", "stability": false}, "Al1Mg2O6": {"Ef": -1.8477408460185183, "Ed": 0.4888879071528949, "rxn": "0.5_Al2Mg1O4 + 1.5_Mg1O1 + 2.5_O", "stability": false}, "Al1Mg3": {"Ef": 0.004735587499999916, "Ed": 0.034355672554246645, "rxn": "0.0107_Al1Mg149 + 0.0824_Al12Mg17", "stability": false}, "Al1Mg30O32Ti1": {"Ef": -2.9939319090625, "Ed": 0.0622858415279528, "rxn": "0.2_Al1Ti1 + 0.4_Al2Mg1O4 + 29.6_Mg1O1 + 0.8_O1Ti1", "stability": false}, "Al1O1": {"Ef": -1.5597634056250005, "Ed": 1.3033435358332648, "rxn": "0.3333_Al + 0.3333_Al2O3", "stability": false}, "Al1O2": {"Ef": -2.6814297224999994, "Ed": 0.18167721895827604, "rxn": "0.5_O + 0.5_Al2O3", "stability": false}, "Al1O3": {"Ef": -1.6002818946875, "Ed": 0.5470483114062024, "rxn": "1.5_O + 0.5_Al2O3", "stability": false}, "Al1O3Ti1": {"Ef": -3.287308364749999, "Ed": 0.08695211350007029, "rxn": "0.5_Al2O3 + 0.5_O3Ti2", "stability": false}, "Al1O4Ti2": {"Ef": -3.179723233571429, "Ed": 0.06355528933834366, "rxn": "0.5_Al2O3 + 1.0_O1Ti1 + 0.5_O3Ti2", "stability": false}, "Al1O6Ti3": {"Ef": -3.2589949325, "Ed": 0.084531619999904, "rxn": "0.5_Al2O3 + 1.5_O3Ti2", "stability": false}, "Al1Ti1": {"Ef": -0.40716411999999913, "Ed": -0.03773223800000142, "rxn": "0.2_Al1Ti3 + 0.4_Al2Ti1", "stability": true}, "Al1Ti2": {"Ef": 0.5721971433333349, "Ed": 0.8942426866666674, "rxn": "0.5_Al1Ti3 + 0.5_Al1Ti1", "stability": false}, "Al1Ti3": {"Ef": -0.27948625499999924, "Ed": -0.07590419499999937, "rxn": "1.0_Al1Ti1 + 2.0_Ti", "stability": true}, "Al22Mg7O40": {"Ef": -3.354516338309179, "Ed": -0.08033651912136729, "rxn": "7.0_Al2Mg1O4 + 3.5_Al2O3 + 1.5_O", "stability": false}, "Al2Mg1": {"Ef": -0.02308366944444451, "Ed": -0.006614445196077676, "rxn": "1.2941_Al + 0.0588_Al12Mg17", "stability": true}, "Al2Mg1O4": {"Ef": -3.3835339133333338, "Ed": -0.04944061936702937, "rxn": "0.1429_Al14Mg3O24 + 0.5714_Mg1O1", "stability": true}, "Al2Mg2O5": {"Ef": -2.9159294914351843, "Ed": 0.3962480027778008, "rxn": "1.0_Al2Mg1O4 + 1.0_Mg1O1", "stability": false}, "Al2O1": {"Ef": -1.725224319861111, "Ed": 0.183513641111109, "rxn": "1.3333_Al + 0.3333_Al2O3", "stability": false}, "Al2O15Ti7": {"Ef": -3.399675619947916, "Ed": 0.01487373364583533, "rxn": "1.0_Al2O3 + 1.0_O2Ti1 + 2.0_O5Ti3", "stability": false}, "Al2O3": {"Ef": -3.4357283297500003, "Ed": -0.2758414191192074, "rxn": "0.125_Al + 0.375_Al5O8", "stability": true}, "Al2O5Ti1": {"Ef": -3.4511016082812507, "Ed": 0.013215373437494016, "rxn": "1.0_Al2O3 + 1.0_O2Ti1", "stability": false}, "Al2O7Ti2": {"Ef": -2.9548111839772733, "Ed": 0.522500639545433, "rxn": "1.0_Al2O3 + 2.0_O2Ti1", "stability": false}, "Al2Ti1": {"Ef": -0.42939563333333314, "Ed": -0.022257610416669255, "rxn": "0.125_Al11Ti5 + 0.125_Al5Ti3", "stability": true}, "Al30Mg23": {"Ef": 0.040330267232704116, "Ed": 0.06575361451972525, "rxn": "0.7273_Al12Mg17 + 10.6364_Al2Mg1", "stability": false}, "Al34Mg5O56": {"Ef": -3.281355271964913, "Ed": 0.07486760033771912, "rxn": "0.6667_Al + 5.0_Al2Mg1O4 + 11.6667_Al2O3", "stability": false}, "Al38O21": {"Ef": -1.8590313151906788, "Ed": 0.17911260923738231, "rxn": "24.0_Al + 7.0_Al2O3", "stability": false}, "Al3Mg1": {"Ef": 0.00771329916666641, "Ed": 0.02502605125000001, "rxn": "1.0_Al + 1.0_Al2Mg1", "stability": false}, "Al3Ti1": {"Ef": -0.3976501749999999, "Ed": -0.07314365999999933, "rxn": "0.8_Al + 0.2_Al11Ti5", "stability": true}, "Al5O8": {"Ef": -3.2409096519230767, "Ed": 0.06267528052884658, "rxn": "0.5_O + 2.5_Al2O3", "stability": false}, "Al5Ti3": {"Ef": -0.41014778125000007, "Ed": 0.013689973749999584, "rxn": "1.0_Al1Ti1 + 2.0_Al2Ti1", "stability": false}, "Al67Mg41": {"Ef": 0.06737202947530871, "Ed": 0.0915321132049664, "rxn": "0.6818_Al12Mg17 + 29.4091_Al2Mg1", "stability": false}, "Al6Mg1O10": {"Ef": -3.379022116078432, "Ed": 0.03521439514706598, "rxn": "1.0_Al2Mg1O4 + 2.0_Al2O3", "stability": false}, "Al7Mg5O16": {"Ef": -3.2559651238095233, "Ed": 0.0327445532812618, "rxn": "3.5_Al2Mg1O4 + 1.5_Mg1O1 + 0.5_O", "stability": false}, "Al8O3": {"Ef": -1.3938584744318183, "Ed": 0.16783622090908035, "rxn": "6.0_Al + 1.0_Al2O3", "stability": false}, "Mg11O60Ti25": {"Ef": -3.425471057413194, "Ed": 0.008646460833319955, "rxn": "8.0_Mg1O5Ti2 + 1.0_Mg3O20Ti9", "stability": false}, "Mg149Ti1": {"Ef": -0.02374346397777761, "Ed": -0.02374346397777761, "rxn": "149.0_Mg + 1.0_Ti", "stability": true}, "Mg1O1": {"Ef": -3.0624300272916667, "Ed": -1.545440595208329, "rxn": "0.5_Mg + 0.5_Mg1O2", "stability": true}, "Mg1O10Ti5": {"Ef": -3.417132526927084, "Ed": -0.0008704255251554827, "rxn": "0.3333_Mg3O20Ti9 + 0.6667_O5Ti3", "stability": true}, "Mg1O2": {"Ef": -2.022652576111111, "Ed": 0.01896744208333434, "rxn": "1.0_O + 1.0_Mg1O1", "stability": false}, "Mg1O20Ti11": {"Ef": -3.3923075133854166, "Ed": 0.011091519843768438, "rxn": "1.0_Mg1O10Ti5 + 2.0_O5Ti3", "stability": false}, "Mg1O25Ti14": {"Ef": -3.3828676934895823, "Ed": 0.01778464099996029, "rxn": "1.0_Mg1O10Ti5 + 3.0_O5Ti3", "stability": false}, "Mg1O2Ti1": {"Ef": -2.840270236458333, "Ed": 0.148856594999911, "rxn": "1.0_Mg1O1 + 1.0_O1Ti1", "stability": false}, "Mg1O3Ti1": {"Ef": -3.3789166224166665, "Ed": -0.010165174357050688, "rxn": "0.3333_Mg1O5Ti2 + 0.3333_Mg2O4Ti1", "stability": true}, "Mg1O40Ti23": {"Ef": -3.379854062083334, "Ed": 0.016678224296879485, "rxn": "1.0_Mg1O10Ti5 + 6.0_O5Ti3", "stability": false}, "Mg1O4Ti2": {"Ef": -3.2306351190476184, "Ed": 0.01596922142857084, "rxn": "1.0_Mg1O3Ti1 + 1.0_O1Ti1", "stability": false}, "Mg1O5Ti2": {"Ef": -3.4363960861979166, "Ed": -0.007586421562836954, "rxn": "1.0_Mg1O3Ti1 + 1.0_O2Ti1", "stability": true}, "Mg1O6Ti4": {"Ef": -3.030476359166667, "Ed": 0.09584408241070977, "rxn": "1.0_Mg1O3Ti1 + 3.0_O1Ti1", "stability": false}, "Mg1O7Ti3": {"Ef": -3.342432048598485, "Ed": 0.11457366909095867, "rxn": "1.0_Mg1O5Ti2 + 1.0_O2Ti1", "stability": false}, "Mg1O8Ti4": {"Ef": -3.2926038441025636, "Ed": 0.09840393951917292,