{"Al_Mg_O": {"Al1Mg3": {"E": 0.004735587499999916, "amts": {"Al": 0.25, "Mg": 0.75, "O": 0.0}}, "Al13Mg16": {"E": 0.025894812643678013, "amts": {"Al": 0.4482758620689655, "Mg": 0.5517241379310345, "O": 0.0}}, "Al3Mg1": {"E": 0.00771329916666641, "amts": {"Al": 0.75, "Mg": 0.25, "O": 0.0}}, "Al1Mg1": {"E": -0.011404066666666601, "amts": {"Al": 0.5, "Mg": 0.5, "O": 0.0}}, "Al2Mg1": {"E": -0.02308366944444451, "amts": {"Al": 0.6666666666666666, "Mg": 0.3333333333333333, "O": 0.0}}, "Al1Mg149": {"E": -0.030596083777777682, "amts": {"Al": 0.006666666666666667, "Mg": 0.9933333333333333, "O": 0.0}}, "Al30Mg23": {"E": 0.040330267232704116, "amts": {"Al": 0.5660377358490566, "Mg": 0.4339622641509434, "O": 0.0}}, "Al16Mg13": {"E": 0.018412758850574612, "amts": {"Al": 0.5517241379310345, "Mg": 0.4482758620689655, "O": 0.0}}, "Al12Mg17": {"E": -0.02896311850574699, "amts": {"Al": 0.41379310344827586, "Mg": 0.5862068965517241, "O": 0.0}}, "Al67Mg41": {"E": 0.06737202947530871, "amts": {"Al": 0.6203703703703703, "Mg": 0.37962962962962965, "O": 0.0}}, "Al14Mg13": {"E": 0.06256801209876528, "amts": {"Al": 0.5185185185185185, "Mg": 0.48148148148148145, "O": 0.0}}, "Al11Mg18": {"E": 0.038821805517241514, "amts": {"Al": 0.3793103448275862, "Mg": 0.6206896551724138, "O": 0.0}}, "Al34Mg5O56": {"E": -3.281355271964913, "amts": {"Al": 0.35789473684210527, "Mg": 0.05263157894736842, "O": 0.5894736842105263}}, "Al12Mg16O1": {"E": -0.08636653946839076, "amts": {"Al": 0.41379310344827586, "Mg": 0.5517241379310345, "O": 0.034482758620689655}}, "Al22Mg7O40": {"E": -3.354516338309179, "amts": {"Al": 0.3188405797101449, "Mg": 0.10144927536231885, "O": 0.5797101449275363}}, "Al2Mg1O4": {"E": -3.3835339133333338, "amts": {"Al": 0.2857142857142857, "Mg": 0.14285714285714285, "O": 0.5714285714285714}}, "Al2Mg2O5": {"E": -2.9159294914351843, "amts": {"Al": 0.2222222222222222, "Mg": 0.2222222222222222, "O": 0.5555555555555556}}, "Al10Mg1O16": {"E": -3.401200372345679, "amts": {"Al": 0.37037037037037035, "Mg": 0.037037037037037035, "O": 0.5925925925925926}}, "Al6Mg1O10": {"E": -3.379022116078432, "amts": {"Al": 0.35294117647058826, "Mg": 0.058823529411764705, "O": 0.5882352941176471}}, "Al14Mg3O24": {"E": -3.387100805853659, "amts": {"Al": 0.34146341463414637, "Mg": 0.07317073170731707, "O": 0.5853658536585366}}, "Al7Mg5O16": {"E": -3.2559651238095233, "amts": {"Al": 0.25, "Mg": 0.17857142857142858, "O": 0.5714285714285714}}, "Al1Mg2O6": {"E": -1.8477408460185183, "amts": {"Al": 0.1111111111111111, "Mg": 0.2222222222222222, "O": 0.6666666666666666}}, "Al1Mg1O3": {"E": -2.553206365416666, "amts": {"Al": 0.2, "Mg": 0.2, "O": 0.6}}, "Al2O3": {"E": -3.4357283297500003, "amts": {"Al": 0.4, "Mg": 0.0, "O": 0.6}}, "Al38O21": {"E": -1.8590313151906788, "amts": {"Al": 0.6440677966101694, "Mg": 0.0, "O": 0.3559322033898305}}, "Al5O8": {"E": -3.2409096519230767, "amts": {"Al": 0.38461538461538464, "Mg": 0.0, "O": 0.6153846153846154}}, "Al8O3": {"E": -1.3938584744318183, "amts": {"Al": 0.7272727272727273, "Mg": 0.0, "O": 0.2727272727272727}}, "Al1O3": {"E": -1.6002818946875, "amts": {"Al": 0.25, "Mg": 0.0, "O": 0.75}}, "Al1O2": {"E": -2.6814297224999994, "amts": {"Al": 0.3333333333333333, "Mg": 0.0, "O": 0.6666666666666666}}, "Al2O1": {"E": -1.725224319861111, "amts": {"Al": 0.6666666666666666, "Mg": 0.0, "O": 0.3333333333333333}}, "Al11O18": {"E": -3.1410147950862073, "amts": {"Al": 0.3793103448275862, "Mg": 0.0, "O": 0.6206896551724138}}, "Al1O1": {"E": -1.5597634056250005, "amts": {"Al": 0.5, "Mg": 0.0, "O": 0.5}}, "Mg1O1": {"E": -3.0624300272916667, "amts": {"Al": 0.0, "Mg": 0.5, "O": 0.5}}, "Mg1O2": {"E": -2.022652576111111, "amts": {"Al": 0.0, "Mg": 0.3333333333333333, "O": 0.6666666666666666}}, "Al": {"E": 0, "amts": {"Al": 1.0, "Mg": 0.0, "O": 0.0}}, "Mg": {"E": 0, "amts": {"Al": 0.0, "Mg": 1.0, "O": 0.0}}, "O": {"E": 0, "amts": {"Al": 0.0, "Mg": 0.0, "O": 1.0}}}}