{"Al1Mg3": {"Ef": 0.004735587499999916, "Ed": 0.0343556725536418, "rxn": "0.0824_Al12Mg17 + 0.0107_Al1Mg149", "stability": false}, "Al13Mg16": {"Ef": 0.025894812643678013, "Ed": 0.05405618809561103, "rxn": "0.8636_Al12Mg17 + 1.3182_Al2Mg1", "stability": false}, "Al3Mg1": {"Ef": 0.00771329916666641, "Ed": 0.025026051249999348, "rxn": "1.0_Al + 1.0_Al2Mg1", "stability": false}, "Al1Mg1": {"Ef": -0.011404066666666601, "Ed": 0.01555469420521357, "rxn": "0.0455_Al12Mg17 + 0.2273_Al2Mg1", "stability": false}, "Al2Mg1": {"Ef": -0.02308366944444451, "Ed": -0.0066144451960756965, "rxn": "1.2941_Al + 0.0588_Al12Mg17", "stability": true}, "Al1Mg149": {"Ef": -0.030596083777777682, "Ed": -0.0301294557574073, "rxn": "0.0833_Al12Mg17 + 147.5833_Mg", "stability": true}, "Al30Mg23": {"Ef": 0.040330267232704116, "Ed": 0.0657536145197253, "rxn": "0.7273_Al12Mg17 + 10.6364_Al2Mg1", "stability": false}, "Al16Mg13": {"Ef": 0.018412758850574612, "Ed": 0.04416890514106573, "rxn": "0.4545_Al12Mg17 + 5.2727_Al2Mg1", "stability": false}, "Al12Mg17": {"Ef": -0.02896311850574699, "Ed": -0.0030011293933588025, "rxn": "0.0741_Al1Mg149 + 5.963_Al2Mg1", "stability": true}, "Al67Mg41": {"Ef": 0.06737202947530871, "Ed": 0.09153211320496647, "rxn": "0.6818_Al12Mg17 + 29.4091_Al2Mg1", "stability": false}, "Al14Mg13": {"Ef": 0.06256801209876528, "Ed": 0.08909620725589207, "rxn": "0.5455_Al12Mg17 + 3.7273_Al2Mg1", "stability": false}, "Al11Mg18": {"Ef": 0.038821805517241514, "Ed": 0.06792323276991376, "rxn": "0.9153_Al12Mg17 + 0.0164_Al1Mg149", "stability": false}, "Al34Mg5O56": {"Ef": -3.281355271964913, "Ed": 0.07486760033771792, "rxn": "0.6667_Al + 5.0_Al2Mg1O4 + 11.6667_Al2O3", "stability": false}, "Al12Mg16O1": {"Ef": -0.08636653946839076, "Ed": 0.15113768194292587, "rxn": "0.8182_Al12Mg17 + 1.0909_Al2Mg1 + 1.0_Mg1O1", "stability": false}, "Al22Mg7O40": {"Ef": -3.354516338309179, "Ed": -0.08033651912137059, "rxn": "7.0_Al2Mg1O4 + 3.5_Al2O3 + 1.5_O", "stability": false}, "Al2Mg1O4": {"Ef": -3.3835339133333338, "Ed": -0.049440581524940796, "rxn": "0.1429_Al14Mg3O24 + 0.5714_Mg1O1", "stability": true}, "Al2Mg2O5": {"Ef": -2.9159294914351843, "Ed": 0.3962480027777622, "rxn": "1.0_Al2Mg1O4 + 1.0_Mg1O1", "stability": false}, "Al10Mg1O16": {"Ef": -3.401200372345679, "Ed": 0.02099607166666757, "rxn": "1.0_Al2Mg1O4 + 4.0_Al2O3", "stability": false}, "Al6Mg1O10": {"Ef": -3.379022116078432, "Ed": 0.035214395147055114, "rxn": "1.0_Al2Mg1O4 + 2.0_Al2O3", "stability": false}, "Al14Mg3O24": {"Ef": -3.387100805853659, "Ed": 0.021893798414637552, "rxn": "3.0_Al2Mg1O4 + 4.0_Al2O3", "stability": false}, "Al7Mg5O16": {"Ef": -3.2559651238095233, "Ed": 0.03274455328125419, "rxn": "3.5_Al2Mg1O4 + 1.5_Mg1O1 + 0.5_O", "stability": false}, "Al1Mg2O6": {"Ef": -1.8477408460185183, "Ed": 0.4888879071528065, "rxn": "0.5_Al2Mg1O4 + 1.5_Mg1O1 + 2.5_O", "stability": false}, "Al1Mg1O3": {"Ef": -2.553206365416666, "Ed": 0.4277533793749974, "rxn": "0.5_Al2Mg1O4 + 0.5_Mg1O1 + 0.5_O", "stability": false}, "Al1Mg30O32Ti1": {"Ef": -2.9939319090625, "Ed": 0.06228584152910965, "rxn": "0.2_Al1Ti1 + 0.4_Al2Mg1O4 + 29.6_Mg1O1 + 0.8_O1Ti1", "stability": false}, "Al1Mg14O16Ti1": {"Ef": -2.9290438873958324, "Ed": 0.12096158649972111, "rxn": "0.2_Al1Ti1 + 0.4_Al2Mg1O4 + 13.6_Mg1O1 + 0.8_O1Ti1", "stability": false}, "Al12Mg16Ti1": {"Ef": 0.025950932298850513, "Ed": 0.10788592237548439, "rxn": "0.2442_Al12Mg17 + 0.5_Al18Mg3Ti2 + 0.0695_Al1Mg149", "stability": false}, "Al18Mg3Ti2": {"Ef": -0.161065057608696, "Ed": -0.013719213043483162, "rxn": "6.0_Al + 3.0_Al2Mg1 + 2.0_Al3Ti1", "stability": true}, "Al2O3": {"Ef": -3.4357283297500003, "Ed": -0.2758414191258474, "rxn": "0.125_Al + 0.375_Al5O8", "stability": true}, "Al38O21": {"Ef": -1.8590313151906788, "Ed": 0.17911260923728717, "rxn": "24.0_Al + 7.0_Al2O3", "stability": false}, "Al5O8": {"Ef": -3.2409096519230767, "Ed": 0.06267528052884658, "rxn": "2.5_Al2O3 + 0.5_O", "stability": false}, "Al8O3": {"Ef": -1.3938584744318183, "Ed": 0.16783622090905678, "rxn": "6.0_Al + 1.0_Al2O3", "stability": false}, "Al1O3": {"Ef": -1.6002818946875, "Ed": 0.5470483114062499, "rxn": "0.5_Al2O3 + 1.5_O", "stability": false}, "Al1O2": {"Ef": -2.6814297224999994, "Ed": 0.18167721895826716, "rxn": "0.5_Al2O3 + 0.5_O", "stability": false}, "Al2O1": {"Ef": -1.725224319861111, "Ed": 0.18351364111109714, "rxn": "1.3333_Al + 0.3333_Al2O3", "stability": false}, "Al11O18": {"Ef": -3.1410147950862073, "Ed": 0.11700344864224108, "rxn": "5.5_Al2O3 + 1.5_O", "stability": false}, "Al1O1": {"Ef": -1.5597634056250005, "Ed": 1.3033435358332692, "rxn": "0.3333_Al + 0.3333_Al2O3", "stability": false}, "Al1O4Ti2": {"Ef": -3.179723233571429, "Ed": 0.06355528964283812, "rxn": "0.5_Al2O3 + 1.0_O1Ti1 + 0.5_O3Ti2", "stability": false}, "Al1O3Ti1": {"Ef": -3.287308364749999, "Ed": 0.0869521135000035, "rxn": "0.5_Al2O3 + 0.5_O3Ti2", "stability": false}, "Al2O5Ti1": {"Ef": -3.4511016082812507, "Ed": 0.013215373437483358, "rxn": "1.0_Al2O3 + 1.0_O2Ti1", "stability": false}, "Al2O7Ti2": {"Ef": -2.9548111839772733, "Ed": 0.5225006395454576, "rxn": "1.0_Al2O3 + 2.0_O2Ti1", "stability": false}, "Al1O6Ti3": {"Ef": -3.2589949325, "Ed": 0.08453161999993526, "rxn": "0.5_Al2O3 + 1.5_O3Ti2", "stability": false}, "Al2O15Ti7": {"Ef": -3.399675619947916, "Ed": 0.014873733645839474, "rxn": "1.0_Al2O3 + 1.0_O2Ti1 + 2.0_O5Ti3", "stability": false}, "Al2Ti1": {"Ef": -0.42939563333333314, "Ed": -0.022257610416667406, "rxn": "0.125_Al11Ti5 + 0.125_Al5Ti3", "stability": true}, "Al3Ti1": {"Ef": -0.3976501749999999, "Ed": -0.07314366000000028, "rxn": "0.8_Al + 0.2_Al11Ti5", "stability": true}, "Al1Ti1": {"Ef": -0.40716411999999913, "Ed": -0.03773223799999581, "rxn": "0.2_Al1Ti3 + 0.4_Al2Ti1", "stability": true}, "Al1Ti2": {"Ef": 0.5721971433333349, "Ed": 0.8942426866054068, "rxn": "0.5_Al1Ti1 + 0.5_Al1Ti3", "stability": false}, "Al5Ti3": {"Ef": -0.41014778125000007, "Ed": 0.013689973749999584, "rxn": "1.0_Al1Ti1 + 2.0_Al2Ti1", "stability": false}, "Al1Ti3": {"Ef": -0.27948625499999924, "Ed": -0.07590419500000026, "rxn": "1.0_Al1Ti1 + 2.0_Ti", "stability": true}, "Al11Ti5": {"Ef": -0.40563314374999937, "Ed": 0.01582612500000058, "rxn": "4.0_Al2Ti1 + 1.0_Al3Ti1", "stability": false}, "Mg1O1": {"Ef": -3.0624300272916667, "Ed": -1.5454405952083263, "rxn": "0.5_Mg + 0.5_Mg1O2", "stability": true}, "Mg1O2": {"Ef": -2.022652576111111, "Ed": 0.018967442083324276, "rxn": "1.0_Mg1O1 + 1.0_O", "stability": false}, "Mg1O4Ti2": {"Ef": -3.2306351190476184, "Ed": 0.015969221428518057, "rxn": "1.0_Mg1O3Ti1 + 1.0_O1Ti1", "stability": false}, "Mg1O5Ti2": {"Ef": -3.4363960861979166, "Ed": -0.007586421570167978, "rxn": "1.0_Mg1O3Ti1 + 1.0_O2Ti1", "stability": true}, "Mg2O4Ti1": {"Ef": -3.291443290238095, "Ed": -0.0029514092651616863, "rxn": "1.0_Mg1O1 + 1.0_Mg1O3Ti1", "stability": true}, "Mg1O8Ti4": {"Ef": -3.2926038441025636, "Ed": 0.09840393951933034, "rxn": "0.25_Mg1O3Ti1 + 0.25_Mg3O20Ti9 + 0.75_O3Ti2", "stability": false}, "Mg3O7Ti2": {"Ef": -3.257639341145834, "Ed": 0.07025117083280226, "rxn": "1.0_Mg1O3Ti1 + 1.0_Mg2O4Ti1", "stability": false}, "Mg2O1Ti1": {"Ef": -0.8372330007291673, "Ed": 0.7160883688951674, "rxn": "0.0089_Mg149Ti1 + 0.6696_Mg1O1 + 0.3304_O1Ti3", "stability": false}, "Mg1O7Ti3": {"Ef": -3.342432048598485, "Ed": 0.11457366909089925, "rxn": "1.0_Mg1O5Ti2 + 1.0_O2Ti1", "stability": false}, "Mg1O40Ti23": {"Ef": -3.379854062083334, "Ed": 0.016678224296874156, "rxn": "1.0_Mg1O10Ti5 + 6.0_O5Ti3", "stability": false}, "Mg1O6Ti4": {"Ef": -3.030476359166667, "Ed": 0.0958440886363864, "rxn": "1.0_Mg1O3Ti1 + 3.0_O1Ti1", "stability": false}, "Mg1O2Ti1": {"Ef": -2.840270236458333, "Ed": 0.14885659499993942, "rxn": "1.0_Mg1O1 + 1.0_O1Ti1", "stability": false}, "Mg1O3Ti1": {"Ef": -3.3789166224166665, "Ed": -0.010165174375706697, "rxn": "0.3333_Mg1O5Ti2 + 0.3333_Mg2O4Ti1", "stability": true}, "Mg2O5Ti2": {"Ef": -2.9504950892129624, "Ed": 0.25747716666665593, "rxn": "1.0_Mg2O4Ti1 + 1.0_O1Ti1", "stability": false}, "Mg1O20Ti11": {"Ef": -3.3923075133854166,