{"O_Ti": {"O1Ti1": {"E": -2.9158236356249994, "amts": {"O": 0.5, "Ti": 0.5}}, "O2Ti1": {"E": -3.5119647349999994, "amts": {"O": 0.6666666666666666, "Ti": 0.3333333333333333}}, "O1Ti3": {"E": -1.574067229062499, "amts": {"O": 0.25, "Ti": 0.75}}, "O15Ti8": {"E": -3.4544198253804344, "amts": {"O": 0.6521739130434783, "Ti": 0.34782608695652173}}, "O1Ti2": {"E": -2.0409225470833334, "amts": {"O": 0.3333333333333333, "Ti": 0.6666666666666666}}, "O7Ti2": {"E": -1.8398589531944438, "amts": {"O": 0.7777777777777778, "Ti": 0.2222222222222222}}, "O3Ti2": {"E": -3.3127926267499985, "amts": {"O": 0.6, "Ti": 0.4}}, "O8Ti7": {"E": -2.932363294, "amts": {"O": 0.5333333333333333, "Ti": 0.4666666666666667}}, "O10Ti9": {"E": -2.8239346706578936, "amts": {"O": 0.5263157894736842, "Ti": 0.47368421052631576}}, "O5Ti3": {"E": -3.38966553953125, "amts": {"O": 0.625, "Ti": 0.375}}, "O8Ti3": {"E": -2.4524292945454538, "amts": {"O": 0.7272727272727273, "Ti": 0.2727272727272727}}, "O4Ti3": {"E": -3.172725260714285, "amts": {"O": 0.5714285714285714, "Ti": 0.42857142857142855}}, "O3Ti4": {"E": -2.4418108605357136, "amts": {"O": 0.42857142857142855, "Ti": 0.5714285714285714}}, "O13Ti10": {"E": -3.1464735841847817, "amts": {"O": 0.5652173913043478, "Ti": 0.43478260869565216}}, "O13Ti7": {"E": -3.4499869033124995, "amts": {"O": 0.65, "Ti": 0.35}}, "O18Ti11": {"E": -3.358784049396549, "amts": {"O": 0.6206896551724138, "Ti": 0.3793103448275862}}, "O8Ti5": {"E": -3.348306049999999, "amts": {"O": 0.6153846153846154, "Ti": 0.38461538461538464}}, "O7Ti3": {"E": -2.9245237323750004, "amts": {"O": 0.7, "Ti": 0.3}}, "O11Ti10": {"E": -2.8643365782738095, "amts": {"O": 0.5238095238095238, "Ti": 0.47619047619047616}}, "O14Ti11": {"E": -3.1069759203, "amts": {"O": 0.56, "Ti": 0.44}}, "O2Ti3": {"E": -2.3589716745000002, "amts": {"O": 0.4, "Ti": 0.6}}, "O5Ti4": {"E": -3.0997490106944445, "amts": {"O": 0.5555555555555556, "Ti": 0.4444444444444444}}, "O7Ti4": {"E": -3.416087894431818, "amts": {"O": 0.6363636363636364, "Ti": 0.36363636363636365}}, "O1Ti6": {"E": -0.9192569344642842, "amts": {"O": 0.14285714285714285, "Ti": 0.8571428571428571}}, "O17Ti9": {"E": -3.458680055625, "amts": {"O": 0.6538461538461539, "Ti": 0.34615384615384615}}, "O22Ti13": {"E": -3.3897605146428567, "amts": {"O": 0.6285714285714286, "Ti": 0.37142857142857144}}, "O11Ti6": {"E": -3.4466698737499994, "amts": {"O": 0.6470588235294118, "Ti": 0.35294117647058826}}, "O8Ti9": {"E": -2.598984505588235, "amts": {"O": 0.47058823529411764, "Ti": 0.5294117647058824}}, "O13Ti9": {"E": -3.135930904374999, "amts": {"O": 0.5909090909090909, "Ti": 0.4090909090909091}}, "O30Ti19": {"E": -3.3401990417857137, "amts": {"O": 0.6122448979591837, "Ti": 0.3877551020408163}}, "O7Ti5": {"E": -3.091445329895835, "amts": {"O": 0.5833333333333334, "Ti": 0.4166666666666667}}, "O9Ti5": {"E": -3.4311595922321407, "amts": {"O": 0.6428571428571429, "Ti": 0.35714285714285715}}, "O13Ti8": {"E": -3.361419290773809, "amts": {"O": 0.6190476190476191, "Ti": 0.38095238095238093}}, "O": {"E": 0, "amts": {"O": 1.0, "Ti": 0.0}}, "Ti": {"E": 0, "amts": {"O": 0.0, "Ti": 1.0}}}}