{"O2": {"E_mp": -4.94795546875, "Ef_mp": 0.0, "Ehull_mp": 0, "sg": 12, "mpid": "mp-12957", "pretty_formula": "O2", "nsites": 8, "volume": 107.6438082346079, "cmpd": "O2"}, "O1Ti1": {"E_mp": -8.986182789999999, "Ef_mp": -2.9158236356249994, "Ehull_mp": 0, "sg": 189, "mpid": "mp-1071163", "pretty_formula": "TiO", "nsites": 6, "volume": 62.86059048913085, "cmpd": "O1Ti1"}, "O2Ti1": {"E_mp": -8.974092660833334, "Ef_mp": -3.5119647349999994, "Ehull_mp": 0, "sg": 12, "mpid": "mp-554278", "pretty_formula": "TiO2", "nsites": 12, "volume": 146.7062824463116, "cmpd": "O2Ti1"}, "O1Ti3": {"E_mp": -8.55677322625, "Ef_mp": -1.574067229062499, "Ehull_mp": 0, "sg": 163, "mpid": "mp-2591", "pretty_formula": "Ti3O", "nsites": 16, "volume": 219.03170509470755, "cmpd": "O1Ti3"}, "O15Ti8": {"E_mp": -8.96943742326087, "Ef_mp": -3.4544198253804344, "Ehull_mp": 0.01500605902175245, "sg": 2, "mpid": "mp-565700", "pretty_formula": "Ti8O15", "nsites": 46, "volume": 497.1328999234114, "cmpd": "O15Ti8"}, "O1Ti2": {"E_mp": -8.71951293, "Ef_mp": -2.0409225470833334, "Ehull_mp": 0, "sg": 164, "mpid": "mp-1215", "pretty_formula": "Ti2O", "nsites": 3, "volume": 37.01184496851611, "cmpd": "O1Ti2"}, "O7Ti2": {"E_mp": -7.4427249488888885, "Ef_mp": -1.8398589531944438, "Ehull_mp": 0.5014508701388918, "sg": 2, "mpid": "mp-656850", "pretty_formula": "Ti2O7", "nsites": 18, "volume": 345.81646513064675, "cmpd": "O7Ti2"}, "O3Ti2": {"E_mp": -9.018213044, "Ef_mp": -3.3127926267499985, "Ehull_mp": 0, "sg": 167, "mpid": "mp-458", "pretty_formula": "Ti2O3", "nsites": 10, "volume": 105.52395262697846, "cmpd": "O3Ti2"}, "O8Ti7": {"E_mp": -8.881076202666666, "Ef_mp": -2.932363294, "Ehull_mp": 0.11578333866666668, "sg": 8, "mpid": "mp-779692", "pretty_formula": "Ti7O8", "nsites": 15, "volume": 165.56435271850313, "cmpd": "O8Ti7"}, "O10Ti9": {"E_mp": -8.798257315263157, "Ef_mp": -2.8239346706578936, "Ehull_mp": 0.19635448894737095, "sg": 2, "mpid": "mp-32813", "pretty_formula": "Ti9O10", "nsites": 19, "volume": 204.15824383087164, "cmpd": "O10Ti9"}, "O5Ti3": {"E_mp": -9.0038512725, "Ef_mp": -3.38966553953125, "Ehull_mp": 0, "sg": 12, "mpid": "mp-1147", "pretty_formula": "Ti3O5", "nsites": 16, "volume": 177.34475447085757, "cmpd": "O5Ti3"}, "O8Ti3": {"E_mp": -7.693382228181818, "Ef_mp": -2.4524292945454538, "Ehull_mp": 0.4209963977272704, "sg": 115, "mpid": "mp-1217105", "pretty_formula": "Ti3O8", "nsites": 11, "volume": 137.60792361818665, "cmpd": "O8Ti3"}, "O4Ti3": {"E_mp": -8.982413888571427, "Ef_mp": -3.172725260714285, "Ehull_mp": 0.02664765428571414, "sg": 139, "mpid": "mp-1217157", "pretty_formula": "Ti3O4", "nsites": 7, "volume": 70.79861856791267, "cmpd": "O4Ti3"}, "O3Ti4": {"E_mp": -8.772840541428572, "Ef_mp": -2.4418108605357136, "Ehull_mp": 0.09905516571428485, "sg": 139, "mpid": "mp-1217135", "pretty_formula": "Ti4O3", "nsites": 7, "volume": 76.16358690246022, "cmpd": "O3Ti4"}, "O13Ti10": {"E_mp": -8.978829214347826, "Ef_mp": -3.1464735841847817, "Ehull_mp": 0.028242871739129427, "sg": 12, "mpid": "mp-753593", "pretty_formula": "Ti10O13", "nsites": 23, "volume": 235.15533969216128, "cmpd": "O13Ti10"}, "O13Ti7": {"E_mp": -8.972937951999999, "Ef_mp": -3.4499869033124995, "Ehull_mp": 0.013058153500022485, "sg": 2, "mpid": "mp-556724", "pretty_formula": "Ti7O13", "nsites": 40, "volume": 432.15870537472887, "cmpd": "O13Ti7"}, "O18Ti11": {"E_mp": -8.988699900344827, "Ef_mp": -3.358784049396549, "Ehull_mp": 0.017627539655192592, "sg": 1, "mpid": "mp-760747", "pretty_formula": "Ti11O18", "nsites": 29, "volume": 314.0998356670759, "cmpd": "O18Ti11"}, "O8Ti5": {"E_mp": -8.997582046153846, "Ef_mp": -3.348306049999999, "Ehull_mp": 0.01179298461540057, "sg": 1, "mpid": "mp-759920", "pretty_formula": "Ti5O8", "nsites": 39, "volume": 419.9067435184665, "cmpd": "O8Ti5"}, "O7Ti3": {"E_mp": -8.265005412499999, "Ef_mp": -2.9245237323750004, "Ehull_mp": 0.2362445291249955, "sg": 12, "mpid": "mp-1179358", "pretty_formula": "Ti3O7", "nsites": 20, "volume": 606.2082837484971, "cmpd": "O7Ti3"}, "O11Ti10": {"E_mp": -8.847805557142857, "Ef_mp": -2.8643365782738095, "Ehull_mp": 0.14600348380952965, "sg": 2, "mpid": "mp-684733", "pretty_formula": "Ti10O11", "nsites": 42, "volume": 424.9611675424274, "cmpd": "O11Ti10"}, "O14Ti11": {"E_mp": -8.9583718324, "Ef_mp": -3.1069759203, "Ehull_mp": 0.047029110000002206, "sg": 1, "mpid": "mp-759754", "pretty_formula": "Ti11O14", "nsites": 25, "volume": 254.72159638279203, "cmpd": "O14Ti11"}, "O2Ti3": {"E_mp": -8.794269566, "Ef_mp": -2.3589716745000002, "Ehull_mp": 0.03191130799999975, "sg": 167, "mpid": "mp-978968", "pretty_formula": "Ti3O2", "nsites": 10, "volume": 113.36615949718448, "cmpd": "O2Ti3"}, "O5Ti4": {"E_mp": -8.967364422222223, "Ef_mp": -3.0997490106944445, "Ehull_mp": 0.036612953333335696, "sg": 87, "mpid": "mp-10734", "pretty_formula": "Ti4O5", "nsites": 9, "volume": 92.26383850810542, "cmpd": "O5Ti4"}, "O7Ti4": {"E_mp": -8.988803316363636, "Ef_mp": -3.416087894431818, "Ehull_mp": 0.006931971136364012, "sg": 2, "mpid": "mp-12205", "pretty_formula": "Ti4O7", "nsites": 22, "volume": 237.7260556701238, "cmpd": "O7Ti4"}, "O1Ti6": {"E_mp": -8.29296872142857, "Ef_mp": -0.9192569344642842, "Ehull_mp": 0, "sg": 163, "mpid": "mp-554098", "pretty_formula": "Ti6O", "nsites": 14, "volume": 215.1048097680898, "cmpd": "O1Ti6"}, "O17Ti9": {"E_mp": -8.967594999038461, "Ef_mp": -3.458680055625, "Ehull_mp": 0.015654157692312154, "sg": 2, "mpid": "mp-27273", "pretty_formula": "Ti9O17", "nsites": 52, "volume": 562.0716671927554, "cmpd": "O17Ti9"}, "O22Ti13": {"E_mp": -8.990912721285715, "Ef_mp": -3.3897605146428567, "Ehull_mp": 0.010387813071437435, "sg": 64, "mpid": "mp-656852", "pretty_formula": "Ti13O22", "nsites": 70, "volume": 830.1831897769054, "cmpd": "O22Ti13"}, "O11Ti6": {"E_mp": -8.980354414705882, "Ef_mp": -3.4466698737499994, "Ehull_mp": 0.007742298676468806, "sg": 12, "mpid": "mp-559964", "pretty_formula": "Ti6O11", "nsites": 34, "volume": 398.5282741077118, "cmpd": "O11Ti6"}, "O8Ti9": {"E_mp": -8.776678582647058, "Ef_mp": -2.598984505588235, "Ehull_mp": 0.16244482029411778, "sg": 2, "mpid": "mp-32544", "pretty_formula": "Ti9O8", "nsites": 34, "volume": 349.1388524102388, "cmpd": "O8Ti9"}, "O13Ti9": {"E_mp": -8.874527570454545, "Ef_mp": -3.135930904374999, "Ehull_mp": 0.14077363227272244, "sg": 12, "mpid": "mvc-1923", "pretty_formula": "Ti9O13", "nsites": 22, "volume": 251.48701079847953, "cmpd": "O13Ti9"}, "O30Ti19": {"E_mp": -9.000933083061225, "Ef_mp": -3.3401990417857137, "Ehull_mp": 0.010245623877558785, "sg": 1, "mpid": "mp-760075", "pretty_formula": "Ti19O30", "nsites": 49, "volume": 526.9179212450226, "cmpd": "O30Ti19"}, "O7Ti5": {"E_mp": -8.85768887, "Ef_mp": -3.091445329895835, "Ehull_mp": 0.1551857983333349, "sg": 63, "mpid": "mvc-2169", "pretty_formula": "Ti5O7", "nsites": 24, "volume": 277.1632814646329, "cmpd": "O7Ti5"}, "O9Ti5": {"E_mp": -8.980177693571429, "Ef_mp": -3.4311595922321407, "Ehull_mp": 0.01091988821426959, "sg": 2, "mpid": "mp-748", "pretty_formula": "Ti5O9", "nsites": 28, "volume": 302.38588498511655, "cmpd": "O9Ti5"}, "O13Ti8": {"E_mp": -8.997327567619047, "Ef_mp": -3.361419290773809, "Ehull_mp": 0.009943174285719891, "sg": 148, "mpid": "mp-752989", "pretty_formula": "Ti8O13", "nsites": 21, "volume": 246.90286982294623, "cmpd": "O13Ti8"}, "Ti1": {"E_mp": -7.895052840000001, "Ef_mp": 0.0, "Ehull_mp": 0, "sg": 191, "mpid": "mp-72", "pretty_formula": "Ti", "nsites": 3, "volume": 51.31557003001307, "cmpd": "Ti1"}}