{"F1": {"E_mp": -1.9114557725, "Ef_mp": 0.0, "Ehull_mp": 0.0, "sg": 15, "mpid": "mp-561203", "pretty_formula": "F2", "nsites": 4, "volume": 76.30108454526636, "cmpd": "F1"}, "F1Li1": {"E_mp": -4.84514551, "Ef_mp": -3.1804090164283334, "Ehull_mp": 0, "sg": 225, "mpid": "mp-1138", "pretty_formula": "LiF", "nsites": 2, "volume": 17.0221618630938, "cmpd": "F1Li1"}, "F3Li1": {"E_mp": -2.94019511125, "Ef_mp": -1.3975517975591667, "Ehull_mp": 0.192652710655, "sg": 194, "mpid": "mp-1185348", "pretty_formula": "LiF3", "nsites": 8, "volume": 78.66426853344507, "cmpd": "F3Li1"}, "F5Li3Mn1": {"E_mp": -5.327467456666667, "Ef_mp": -3.070180024062797, "Ehull_mp": 0.04684589111111048, "sg": 62, "mpid": "mp-759420", "pretty_formula": "Li3MnF5", "nsites": 36, "volume": 435.91258162652866, "cmpd": "F5Li3Mn1"}, "F3Li1Mn1": {"E_mp": -5.77640314625, "Ef_mp": -3.0457773506703685, "Ehull_mp": 0.021244471749985117, "sg": 56, "mpid": "mp-777355", "pretty_formula": "LiMnF3", "nsites": 40, "volume": 483.01332597530217, "cmpd": "F3Li1Mn1"}, "F6Li3Mn1": {"E_mp": -4.7354172025, "Ef_mp": -3.022478794275517, "Ehull_mp": 0.47883505750000044, "sg": 2, "mpid": "mp-777780", "pretty_formula": "Li3MnF6", "nsites": 20, "volume": 222.71809826086402, "cmpd": "F6Li3Mn1"}, "F5Li1Mn1": {"E_mp": -5.060903656428572, "Ef_mp": -2.704827964747406, "Ehull_mp": 0.007698412857134684, "sg": 88, "mpid": "mp-761149", "pretty_formula": "LiMnF5", "nsites": 56, "volume": 677.7023056476927, "cmpd": "F5Li1Mn1"}, "F14Li5Mn3": {"E_mp": -5.182707540454545, "Ef_mp": -2.9386005957654024, "Ehull_mp": 0.1657653559090857, "sg": 33, "mpid": "mp-759632", "pretty_formula": "Li5Mn3F14", "nsites": 88, "volume": 1052.6785003180446, "cmpd": "F14Li5Mn3"}, "F4Li1Mn1": {"E_mp": -4.927864170833334, "Ef_mp": -2.9496385528403066, "Ehull_mp": 0.5324592558333325, "sg": 14, "mpid": "mp-558059", "pretty_formula": "LiMnF4", "nsites": 12, "volume": 140.02966167368115, "cmpd": "F4Li1Mn1"}, "F6Li1Mn2": {"E_mp": -5.775411199259259, "Ef_mp": -2.9538627220411504, "Ehull_mp": 0.009020759629627229, "sg": 150, "mpid": "mp-757174", "pretty_formula": "LiMn2F6", "nsites": 27, "volume": 318.5619076358306, "cmpd": "F6Li1Mn2"}, "F5Li2Mn1": {"E_mp": -5.08351559875, "Ef_mp": -2.9953201618623124, "Ehull_mp": 0.22301334875000922, "sg": 63, "mpid": "mp-756243", "pretty_formula": "Li2MnF5", "nsites": 16, "volume": 197.09069005892778, "cmpd": "F5Li2Mn1"}, "F8Li2Mn3": {"E_mp": -5.9196141469230765, "Ef_mp": -3.025397551899912, "Ehull_mp": 0.024572256923057978, "sg": 2, "mpid": "mp-1177965", "pretty_formula": "Li2Mn3F8", "nsites": 13, "volume": 159.8821729495717, "cmpd": "F8Li2Mn3"}, "F6Li2Mn1": {"E_mp": -5.091093523333334, "Ef_mp": -2.888648764565389, "Ehull_mp": 0, "sg": 150, "mpid": "mp-752936", "pretty_formula": "Li2MnF6", "nsites": 27, "volume": 296.8482972611278, "cmpd": "F6Li2Mn1"}, "F8Li4Mn1": {"E_mp": -4.970709649230769, "Ef_mp": -2.9337135874462947, "Ehull_mp": 0.044707562307691795, "sg": 3, "mpid": "mp-756952", "pretty_formula": "Li4MnF8", "nsites": 13, "volume": 150.16185745479027, "cmpd": "F8Li4Mn1"}, "F5Li1Mn2": {"E_mp": -6.00361994875, "Ef_mp": -3.006946678605877, "Ehull_mp": 0.03215319625001101, "sg": 58, "mpid": "mp-774354", "pretty_formula": "LiMn2F5", "nsites": 32, "volume": 502.50771804516336, "cmpd": "F5Li1Mn2"}, "F7Li2Mn2": {"E_mp": -5.575538625909091, "Ef_mp": -2.9643196002630616, "Ehull_mp": 0.03811397863635957, "sg": 14, "mpid": "mp-759600", "pretty_formula": "Li2Mn2F7", "nsites": 44, "volume": 563.8227315900917, "cmpd": "F7Li2Mn2"}, "F4Li2Mn1": {"E_mp": -5.504023856428572, "Ef_mp": -3.077948975886929, "Ehull_mp": 0.02148030214285246, "sg": 95, "mpid": "mp-777589", "pretty_formula": "Li2MnF4", "nsites": 28, "volume": 324.0899211312412, "cmpd": "F4Li2Mn1"}, "F7Li1Mn2": {"E_mp": -5.553051947, "Ef_mp": -2.8716033041227016, "Ehull_mp": 0.014025527500000301, "sg": 14, "mpid": "mp-759111", "pretty_formula": "LiMn2F7", "nsites": 40, "volume": 493.36735387274484, "cmpd": "F7Li1Mn2"}, "F9Li1Mn2": {"E_mp": -5.05173347875, "Ef_mp": -2.5804345873839183, "Ehull_mp": 0, "sg": 1, "mpid": "mp-756827", "pretty_formula": "LiMn2F9", "nsites": 24, "volume": 354.8818178361904, "cmpd": "F9Li1Mn2"}, "F7Li4Mn1": {"E_mp": -5.101035965833334, "Ef_mp": -3.012669410050987, "Ehull_mp": 0.05169850249999364, "sg": 216, "mpid": "mp-759476", "pretty_formula": "Li4MnF7", "nsites": 12, "volume": 151.2960059040236, "cmpd": "F7Li4Mn1"}, "F7Li3Mn1": {"E_mp": -4.991751151818182, "Ef_mp": -2.8870715321768334, "Ehull_mp": 0.05462455090909124, "sg": 160, "mpid": "mp-759724", "pretty_formula": "Li3MnF7", "nsites": 11, "volume": 146.79650952454173, "cmpd": "F7Li3Mn1"}, "F6Li4Mn1": {"E_mp": -5.242506098787879, "Ef_mp": -3.0934289591898643, "Ehull_mp": 0.03559491484848909, "sg": 164, "mpid": "mp-850929", "pretty_formula": "Li4MnF6", "nsites": 33, "volume": 334.6056786531915, "cmpd": "F6Li4Mn1"}, "F8Li5Mn1": {"E_mp": -4.940465184285714, "Ef_mp": -3.03980477524775, "Ehull_mp": 0.1683280042857147, "sg": 71, "mpid": "mp-756629", "pretty_formula": "Li5MnF8", "nsites": 14, "volume": 148.3113811459215, "cmpd": "F8Li5Mn1"}, "F16Li2Mn7": {"E_mp": -6.0996306308, "Ef_mp": -2.9431249474671826, "Ehull_mp": 0.07901783039997046, "sg": 148, "mpid": "mp-753570", "pretty_formula": "Li2Mn7F16", "nsites": 25, "volume": 324.40916378244015, "cmpd": "F16Li2Mn7"}, "F6Li1Mn1": {"E_mp": -4.6131529875, "Ef_mp": -2.37401799055273, "Ehull_mp": 0, "sg": 148, "mpid": "mp-752752", "pretty_formula": "LiMnF6", "nsites": 8, "volume": 100.36171430798593, "cmpd": "F6Li1Mn1"}, "F10Li1Mn3": {"E_mp": -5.470169332857142, "Ef_mp": -2.7982553611008703, "Ehull_mp": 0.14265987642857159, "sg": 2, "mpid": "mp-767065", "pretty_formula": "LiMn3F10", "nsites": 28, "volume": 421.102377066976, "cmpd": "F10Li1Mn3"}, "F15Li3Mn4": {"E_mp": -5.454112547954545, "Ef_mp": -2.8650922822868496, "Ehull_mp": 0.054735445909090075, "sg": 31, "mpid": "mp-759518", "pretty_formula": "Li3Mn4F15", "nsites": 88, "volume": 1269.1631772328103, "cmpd": "F15Li3Mn4"}, "F8Li6Mn1": {"E_mp": -5.093623050666666, "Ef_mp": -3.073703416675678, "Ehull_mp": 0.06902316199999348, "sg": 225, "mpid": "mp-759844", "pretty_formula": "Li6MnF8", "nsites": 15, "volume": 149.69222008501058, "cmpd": "F8Li6Mn1"}, "F9Li3Mn2": {"E_mp": -5.309669474642858, "Ef_mp": -2.918710017281453, "Ehull_mp": 0.0627713924999993, "sg": 1, "mpid": "mp-754135", "pretty_formula": "Li3Mn2F9", "nsites": 28, "volume": 375.4628473227375, "cmpd": "F9Li3Mn2"}, "F19Li3Mn4": {"E_mp": -4.866376390384615, "Ef_mp": -2.457120760387334, "Ehull_mp": 0.19444017557692117, "sg": 2, "mpid": "mp-777320", "pretty_formula": "Li3Mn4F19", "nsites": 52, "volume": 681.3978658729204, "cmpd": "F19Li3Mn4"}, "F10Li4Mn3": {"E_mp": -5.653302771764706, "Ef_mp": -3.0483756123771872, "Ehull_mp": 0.03228577470587091, "sg": 61, "mpid": "mp-759565", "pretty_formula": "Li4Mn3F10", "nsites": 68, "volume": 794.1544904910753, "cmpd": "F10Li4Mn3"}, "F18Li2Mn7": {"E_mp": -5.930789313333333, "Ef_mp": -2.9028729299651697, "Ehull_mp": 0.06971500037036993, "sg": 2, "mpid": "mp-753981", "pretty_formula": "Li2Mn7F18", "nsites": 27, "volume": 385.1183966829779, "cmpd": "F18Li2Mn7"}, "F24Li14Mn5": {"E_mp": -5.334841756395349, "Ef_mp": -3.0505997853481204, "Ehull_mp": 0.06408404895347619, "sg": 55, "mpid": "mp-764848", "pretty_formula": "Li14Mn5F24", "nsites": 86, "volume": 940.8297459185766, "cmpd": "F24Li14Mn5"}, "F7Li3Mn2": {"E_mp": -5.5874587475, "Ef_mp": -3.034764402880029, "Ehull_mp": 0.051438519166661756, "sg": 9, "mpid": "mp-764189", "pretty_formula": "Li3Mn2F7", "nsites": 24, "volume": 288.249801247776, "cmpd": "F7Li3Mn2"}, "F17Li2Mn5": {"E_mp": -5.501843707916667, "Ef_mp": -2.7780320588182996, "Ehull_mp": 0.09192227854166735, "sg": 63, "mpid": "mp-764892", "pretty_formula": "Li2Mn5F17", "nsites": 96, "volume": 1398.8218314536334, "cmpd": "F17Li2Mn5"}, "F15Li3Mn5": {"E_mp": -5.741747535434782, "Ef_mp": -2.9400387456924277, "Ehull_mp": 0.04555739282608595, "sg": 100, "mpid": "mp-759954", "pretty_formula": "Li3Mn5F15", "nsites": 46,