{"F18Li5Nb3O1": {"Ef": -3.276516190222346, "Ed": 0.08027920472280012, "rxn": "2.0_F1Li1 + 0.5_F2Li1Nb1O2 + 2.5_F6Li1Nb1", "stability": false}, "F1Li1": {"Ef": -3.1804090164283334, "Ed": -3.1804090164283334, "rxn": "1_F + 1_Li", "stability": true}, "F1Nb1O2": {"Ef": -3.1830733046725017, "Ed": -0.024708330782939658, "rxn": "0.25_F1Nb3O7 + 0.25_F3Nb1O1", "stability": true}, "F1Nb3O7": {"Ef": -3.087320480676364, "Ed": 0.007971139578027026, "rxn": "1.0_F1Nb1O2 + 1.0_Nb2O5", "stability": false}, "F1Nb5O12": {"Ef": -3.0330703292327774, "Ed": 0.04271425003948358, "rxn": "1.0_F1Nb1O2 + 2.0_Nb2O5", "stability": false}, "F1Nb6O15": {"Ef": -2.933351998406363, "Ed": 0.0676516256371878, "rxn": "1.0_F1Nb1O2 + 2.5_Nb2O5 + 0.5_O", "stability": false}, "F21Nb20O39": {"Ef": -3.1083673729842496, "Ed": 0.07416215106229629, "rxn": "19.0_F1Nb1O2 + 0.3333_F3Nb1O1 + 0.3333_F3Nb2O2", "stability": false}, "F2Li1Nb1O2": {"Ef": -3.185868129424444, "Ed": -0.003682920835548368, "rxn": "1.0_F1Li1 + 1.0_F1Nb1O2", "stability": true}, "F2Nb2O3": {"Ef": -3.047097385875714, "Ed": 0.023735970601542027, "rxn": "0.1053_F1Nb1O2 + 0.6316_F3Nb2O2 + 0.0526_Nb12O29", "stability": false}, "F2O1": {"Ef": -0.5220221628766663, "Ed": -0.5220221628766663, "rxn": "2_F + 1_O", "stability": true}, "F3Nb1O1": {"Ef": -3.314662858964, "Ed": -0.012547263999871206, "rxn": "0.5_F1Nb1O2 + 0.5_F5Nb1", "stability": true}, "F3Nb2O2": {"Ef": -3.0704368587242876, "Ed": -0.02666175702374929, "rxn": "0.5_F1Nb1O2 + 0.5_F5Nb2 + 0.5_Nb1O2", "stability": true}, "F4Nb1": {"Ef": -3.2129533189520005, "Ed": 0.06799520146665188, "rxn": "0.2_F5Nb2 + 0.6_F5Nb1", "stability": false}, "F5Li2Nb1O1": {"Ef": -3.279295545059259, "Ed": 0.008401061946704166, "rxn": "1.0_F1Li1 + 0.5_F2Li1Nb1O2 + 0.5_F6Li1Nb1", "stability": false}, "F5Nb1": {"Ef": -3.3814771218249997, "Ed": -0.7040160226983314, "rxn": "1.0_F + 1.0_F4Nb1", "stability": true}, "F5Nb2": {"Ef": -3.0224464025166666, "Ed": -0.12403744095236695, "rxn": "1.0_F5Nb1 + 1.0_Nb", "stability": true}, "F5Nb3O2": {"Ef": -2.902558007095, "Ed": 0.09928288152780632, "rxn": "0.8333_F3Nb2O2 + 0.5_F5Nb2 + 0.3333_Nb1O1", "stability": false}, "F6Li1Nb1": {"Ef": -3.4177117604758336, "Ed": -0.08650166499999701, "rxn": "1.0_F1Li1 + 1.0_F5Nb1", "stability": true}, "F6Li2Nb1": {"Ef": -3.2520644267192598, "Ed": 0.03033409103703022, "rxn": "1.4_F1Li1 + 0.2_F5Nb2 + 0.6_F6Li1Nb1", "stability": false}, "F6Li3Nb1O1": {"Ef": -3.222118913035455, "Ed": 0.04607085932005943, "rxn": "2.0_F1Li1 + 0.5_F2Li1Nb1O2 + 0.5_F6Li1Nb1", "stability": false}, "F8Nb2O1": {"Ef": -3.3377802191609103, "Ed": 0.013326783181672656, "rxn": "1.0_F3Nb1O1 + 1.0_F5Nb1", "stability": false}, "Li11Nb12O36": {"Ef": -2.856227440141243, "Ed": 0.03617107884551226, "rxn": "10.5_Li1Nb1O3 + 0.5_Li1Nb3O8 + 0.5_O", "stability": false}, "Li15Nb16O48": {"Ef": -2.8862796013924052, "Ed": 0.010244732266775245, "rxn": "14.5_Li1Nb1O3 + 0.5_Li1Nb3O8 + 0.5_O", "stability": false}, "Li17Nb18O54": {"Ef": -2.889478992705993, "Ed": 0.008412714066267153, "rxn": "16.5_Li1Nb1O3 + 0.5_Li1Nb3O8 + 0.5_O", "stability": false}, "Li17Nb20O60": {"Ef": -2.8523952912199304, "Ed": 0.026562850779180983, "rxn": "15.5_Li1Nb1O3 + 1.5_Li1Nb3O8 + 1.5_O", "stability": false}, "Li1Nb10O18": {"Ef": -2.7756980975574694, "Ed": 0.01788612885043408, "rxn": "1.0_Li1Nb1O2 + 2.0_Nb1O1 + 7.0_Nb1O2", "stability": false}, "Li1Nb13O33": {"Ef": -3.01927108123227, "Ed": 0.011997552219063533, "rxn": "1.0_Li1Nb3O8 + 5.0_Nb2O5", "stability": false}, "Li1Nb1O2": {"Ef": -2.694030011041667, "Ed": -0.11305953986232709, "rxn": "0.3333_Li3Nb1O4 + 0.6667_Nb1O1", "stability": true}, "Li1Nb1O3": {"Ef": -2.908694976083333, "Ed": -0.024299641696993744, "rxn": "0.25_Li1Nb3O8 + 0.25_Li3Nb1O4", "stability": true}, "Li1Nb2O4": {"Ef": -2.7256237945238095, "Ed": 0.06002669571338716, "rxn": "1.0_Li1Nb1O2 + 1.0_Nb1O2", "stability": false}, "Li1Nb3O8": {"Ef": -2.990837729305556, "Ed": -0.002555272262025454, "rxn": "1.0_Li1Nb1O3 + 1.0_Nb2O5", "stability": true}, "Li1Nb5O8": {"Ef": -2.594775153154763, "Ed": 0.0764231060120092, "rxn": "1.0_Li1Nb1O2 + 2.0_Nb1O1 + 2.0_Nb1O2", "stability": false}, "Li1Nb7O12": {"Ef": -2.707439291708333, "Ed": 0.03474282845835255, "rxn": "1.0_Li1Nb1O2 + 2.0_Nb1O1 + 4.0_Nb1O2", "stability": false}, "Li1Nb8O10": {"Ef": -2.3985440420614035, "Ed": 0.07624121368411539, "rxn": "1.0_Li1Nb1O2 + 6.0_Nb1O1 + 1.0_Nb1O2", "stability": false}, "Li1Nb8O14": {"Ef": -2.7284365099637693, "Ed": 0.03534939398533139, "rxn": "1.0_Li1Nb1O2 + 2.0_Nb1O1 + 5.0_Nb1O2", "stability": false}, "Li1O2": {"Ef": -1.0328934080555552, "Ed": 0.08421755357143172, "rxn": "0.1429_Li1O8 + 0.4286_Li2O2", "stability": false}, "Li1O8": {"Ef": -0.40554822851851846, "Ed": -0.03870755930555614, "rxn": "0.5_Li2O2 + 7.0_O", "stability": true}, "Li2Nb1O3": {"Ef": -2.614555634513889, "Ed": 0.09994243958344917, "rxn": "0.5_Li1Nb1O2 + 0.5_Li3Nb1O4", "stability": false}, "Li2Nb4O11": {"Ef": -2.926263375122549, "Ed": 0.04041472088182186, "rxn": "1.0_Li1Nb1O3 + 1.0_Li1Nb3O8", "stability": false}, "Li2O1": {"Ef": -2.066696434861111, "Ed": -0.9661744272222071, "rxn": "1.0_Li + 0.5_Li2O2", "stability": true}, "Li2O2": {"Ef": -1.650783011458333, "Ed": -0.082431038500002, "rxn": "0.1333_Li1O8 + 0.9333_Li2O1", "stability": true}, "Li3Nb1O4": {"Ef": -2.724732105625, "Ed": -0.021249022081980318, "rxn": "0.3333_Li1Nb1O3 + 0.3333_Li8Nb2O9", "stability": true}, "Li3Nb4O12": {"Ef": -2.790978691842106, "Ed": 0.06711149641452345, "rxn": "2.5_Li1Nb1O3 + 0.5_Li1Nb3O8 + 0.5_O", "stability": false}, "Li3Nb6O11": {"Ef": -2.6288575231875, "Ed": 0.08924854241661428, "rxn": "3.0_Li1Nb1O2 + 1.0_Nb1O1 + 2.0_Nb1O2", "stability": false}, "Li3Nb7O19": {"Ef": -2.895985783577587, "Ed": 0.08068940206834636, "rxn": "1.0_Li1Nb1O3 + 2.0_Li1Nb3O8", "stability": false}, "Li4Nb1O4": {"Ef": -2.417829095740741, "Ed": 0.09585499111120062, "rxn": "0.5_Li1Nb1O2 + 0.75_Li2O1 + 0.25_Li8Nb2O9", "stability": false}, "Li5Nb1O5": {"Ef": -2.5491486645075763, "Ed": 0.020860809545261816, "rxn": "0.5_Li2O1 + 0.5_Li8Nb2O9", "stability": false}, "Li5Nb6O18": {"Ef": -2.840681932614942, "Ed": 0.0348581824788249, "rxn": "4.5_Li1Nb1O3 + 0.5_Li1Nb3O8 + 0.5_O", "stability": false}, "Li7Nb12O24": {"Ef": -2.728128478062015, "Ed": 0.04047634162772406, "rxn": "7.0_Li1Nb1O2 + 5.0_Nb1O2", "stability": false}, "Li7Nb1O6": {"Ef": -2.4166074602976195, "Ed": 0.045549219642727526, "rxn": "1.5_Li2O1 + 0.5_Li8Nb2O9", "stability": false}, "Li7Nb8O24": {"Ef": -2.8592713394017104, "Ed": 0.024770022028818426, "rxn": "6.5_Li1Nb1O3 + 0.5_Li1Nb3O8 + 0.5_O", "stability": false}, "Li8Nb1O6": {"Ef": -2.2666170567222226, "Ed": 0.06827196933337186, "rxn": "0.5_Li1Nb1O2 + 2.75_Li2O1 + 0.25_Li8Nb2O9", "stability": false}, "Li8Nb2O9": {"Ef": -2.649479953925438, "Ed": -0.026401419474826514, "rxn": "1.0_Li3Nb1O4 + 1.0_Li5Nb1O5", "stability": true}, "Nb12O29": {"Ef": -3.0497452156402436, "Ed": -0.024710098675962428, "rxn": "2.0_Nb1O2 + 5.0_Nb2O5", "stability": true}, "Nb1O1": {"Ef": -2.2934472022916665, "Ed": -0.06519607716664533, "rxn": "0.2_Nb + 0.2_Nb4O5", "stability": true}, "Nb1O2": {"Ef": -2.9078111291666673, "Ed": -0.006359641634004968, "rxn": "0.0588_Nb12O29 + 0.2941_Nb1O1", "stability": true}, "Nb2O3": {"Ef": -2.58174396375, "Ed": 0.08032159466666329, "rxn": "1.0_Nb1O2 + 1.0_Nb1O1", "stability": false}, "Nb2O5": {"Ef": -3.045130657729593, "Ed": -0.06799842341412037, "rxn": "0.1667_Nb12O29 + 0.1667_O", "stability": true}, "Nb4O5": {"Ef": -2.4758345834722206, "Ed": 0.02240059378429038, "rxn": "1.0_Nb1O2 + 3.0_Nb1O1", "stability": false}}