{"F_Mg_Ti": {"F5Mg1Ti1": {"E": -3.694200797040476, "amts": {"F": 0.7142857142857143, "Mg": 0.14285714285714285, "Ti": 0.14285714285714285}}, "Mg1Ti3": {"E": 0.08709688916666725, "amts": {"F": 0.0, "Mg": 0.25, "Ti": 0.75}}, "F3Ti1": {"E": -3.693128742142499, "amts": {"F": 0.75, "Mg": 0.0, "Ti": 0.25}}, "Mg1Ti2": {"E": 0.06031131555555547, "amts": {"F": 0.0, "Mg": 0.3333333333333333, "Ti": 0.6666666666666666}}, "Mg1Ti5": {"E": 0.06070992111111195, "amts": {"F": 0.0, "Mg": 0.16666666666666666, "Ti": 0.8333333333333334}}, "F4Ti1": {"E": -3.7113153869519997, "amts": {"F": 0.8, "Mg": 0.0, "Ti": 0.2}}, "F6Mg1Ti1": {"E": -3.822814781309167, "amts": {"F": 0.75, "Mg": 0.125, "Ti": 0.125}}, "F2Mg1": {"E": -3.8498275352377775, "amts": {"F": 0.6666666666666666, "Mg": 0.3333333333333333, "Ti": 0.0}}, "Mg1Ti1": {"E": 0.062926200833334, "amts": {"F": 0.0, "Mg": 0.5, "Ti": 0.5}}, "F": {"E": 0, "amts": {"F": 1.0, "Mg": 0.0, "Ti": 0.0}}, "Mg": {"E": 0, "amts": {"F": 0.0, "Mg": 1.0, "Ti": 0.0}}, "Ti": {"E": 0, "amts": {"F": 0.0, "Mg": 0.0, "Ti": 1.0}}}, "Ca_Mg": {"Ca1Mg3": {"E": -0.05802011499999993, "amts": {"Ca": 0.25, "Mg": 0.75}}, "Ca1Mg2": {"E": -0.11086893611111116, "amts": {"Ca": 0.3333333333333333, "Mg": 0.6666666666666666}}, "Ca5Mg1": {"E": 0.0019105136111112013, "amts": {"Ca": 0.8333333333333334, "Mg": 0.16666666666666666}}, "Ca3Mg1": {"E": -0.016819362083333234, "amts": {"Ca": 0.75, "Mg": 0.25}}, "Ca1Mg5": {"E": -0.026288508611110945, "amts": {"Ca": 0.16666666666666666, "Mg": 0.8333333333333334}}, "Ca1Mg1": {"E": -0.0840631091666666, "amts": {"Ca": 0.5, "Mg": 0.5}}, "Ca2Mg1": {"E": -0.04482649611111119, "amts": {"Ca": 0.6666666666666666, "Mg": 0.3333333333333333}}, "Ca": {"E": 0, "amts": {"Ca": 1.0, "Mg": 0.0}}, "Mg": {"E": 0, "amts": {"Ca": 0.0, "Mg": 1.0}}}, "Ca_F_Ti": {"Ca1F6Ti1": {"E": -3.9959232865175, "amts": {"Ca": 0.125, "F": 0.75, "Ti": 0.125}}, "F3Ti1": {"E": -3.693128742142499, "amts": {"Ca": 0.0, "F": 0.75, "Ti": 0.25}}, "Ca1F10Ti2": {"E": -3.854120304376923, "amts": {"Ca": 0.07692307692307693, "F": 0.7692307692307693, "Ti": 0.15384615384615385}}, "F4Ti1": {"E": -3.7113153869519997, "amts": {"Ca": 0.0, "F": 0.8, "Ti": 0.2}}, "Ca1F2": {"E": -4.245612699126666, "amts": {"Ca": 0.3333333333333333, "F": 0.6666666666666666, "Ti": 0.0}}, "Ca1F5Ti1": {"E": -3.918018913707143, "amts": {"Ca": 0.14285714285714285, "F": 0.7142857142857143, "Ti": 0.14285714285714285}}, "Ca": {"E": 0, "amts": {"Ca": 1.0, "F": 0.0, "Ti": 0.0}}, "F": {"E": 0, "amts": {"Ca": 0.0, "F": 1.0, "Ti": 0.0}}, "Ti": {"E": 0, "amts": {"Ca": 0.0, "F": 0.0, "Ti": 1.0}}}}