{"Ca1F10Ti2": {"Ef": -3.854120304376923, "Ed": 0.03233840538462228, "rxn": "1.0_Ca1F6Ti1 + 1.0_F4Ti1", "stability": false}, "Ca1F6Ti1": {"Ef": -3.9959232865175, "Ed": -0.06839815812499772, "rxn": "0.5_Ca1F10Ti2 + 0.5_Ca1F2", "stability": true}, "Ca1F2": {"Ef": -4.245612699126666, "Ed": -4.245612699126666, "rxn": "1_Ca + 2_F", "stability": true}, "F3Ti1": {"Ef": -3.693128742142499, "Ed": -0.21377056687499874, "rxn": "0.75_F4Ti1 + 0.25_Ti", "stability": true}, "F4Ti1": {"Ef": -3.7113153869519997, "Ed": -0.7568123932380288, "rxn": "1.0_F + 1.0_F3Ti1", "stability": true}, "Ca1F5Ti1": {"Ef": -3.918018913707143, "Ed": 0.011888667142869227, "rxn": "1.0_Ca1F2 + 1.0_F3Ti1", "stability": false}, "Ca": {"Ef": 0, "Ed": 0.0, "rxn": "1_Ca", "stability": true}, "F": {"Ef": 0, "Ed": 0.0, "rxn": "1_F", "stability": true}, "Ti": {"Ef": 0, "Ed": 0.0, "rxn": "1_Ti", "stability": true}, "Ca1Mg2": {"Ef": -0.11086893611111116, "Ed": -0.0441678230555557, "rxn": "0.5_Ca1Mg1 + 0.5_Ca1Mg3", "stability": true}, "Ca2Mg1": {"Ef": -0.04482649611111119, "Ed": 0.011215576666666541, "rxn": "1.0_Ca1Mg1 + 1.0_Ca", "stability": false}, "Ca1Mg3": {"Ef": -0.05802011499999993, "Ed": 0.025131587083333448, "rxn": "1.0_Mg + 1.0_Ca1Mg2", "stability": false}, "Ca1Mg5": {"Ef": -0.026288508611110945, "Ed": 0.029145959444444574, "rxn": "3.0_Mg + 1.0_Ca1Mg2", "stability": false}, "Ca1Mg1": {"Ef": -0.0840631091666666, "Ed": -0.0009114070833331767, "rxn": "0.5_Ca + 0.5_Ca1Mg2", "stability": true}, "Ca3Mg1": {"Ef": -0.016819362083333234, "Ed": 0.025212192500000084, "rxn": "1.0_Ca1Mg1 + 2.0_Ca", "stability": false}, "Ca5Mg1": {"Ef": 0.0019105136111112013, "Ed": 0.029931550000000102, "rxn": "1.0_Ca1Mg1 + 4.0_Ca", "stability": false}, "Mg": {"Ef": 0, "Ed": 0.0, "rxn": "1_Mg", "stability": true}, "Mg1Ti5": {"Ef": 0.06070992111111195, "Ed": 0.06070992111111195, "rxn": "1_Mg + 5_Ti", "stability": false}, "Mg1Ti1": {"Ef": 0.062926200833334, "Ed": 0.062926200833334, "rxn": "1_Mg + 1_Ti", "stability": false}, "F6Mg1Ti1": {"Ef": -3.822814781309167, "Ed": -0.059557338749983035, "rxn": "1.0_F2Mg1 + 1.0_F4Ti1", "stability": true}, "Mg1Ti3": {"Ef": 0.08709688916666725, "Ed": 0.08709688916666725, "rxn": "1_Mg + 3_Ti", "stability": false}, "Mg1Ti2": {"Ef": 0.06031131555555547, "Ed": 0.06031131555555547, "rxn": "1_Mg + 2_Ti", "stability": false}, "F2Mg1": {"Ef": -3.8498275352377775, "Ed": -3.8498275352377775, "rxn": "2_F + 1_Mg", "stability": true}, "F5Mg1Ti1": {"Ef": -3.694200797040476, "Ed": 0.06608457071425887, "rxn": "1.0_F2Mg1 + 1.0_F3Ti1", "stability": false}}