{"Al14Ca13": {"Ef": -0.2628221016666667, "Ed": 0.002827016752136809, "rxn": "0.9231_Al3Ca8 + 5.6154_Al2Ca1", "stability": false}, "Al1Ca1F5": {"Ef": -4.05721778442143, "Ed": -0.008540097855988193, "rxn": "0.5_Al1Ca2F7 + 0.5_Al1F3", "stability": true}, "Al1Ca2F7": {"Ef": -4.111330077333, "Ed": 0.002406181499997473, "rxn": "1.0_Al1Ca1F5 + 1.0_Ca1F2", "stability": false}, "Al1F3": {"Ef": -3.8920467096425, "Ed": -3.8920467096425, "rxn": "1_Al + 3_F", "stability": true}, "Al2Ca1": {"Ef": -0.3299132750000003, "Ed": -0.1024814810526317, "rxn": "0.0526_Al14Ca13 + 0.3158_Al4Ca1", "stability": true}, "Al2Ca1F10": {"Ef": -3.3479320505307695, "Ed": 0.0342765132784766, "rxn": "1.0_Al1Ca1F5 + 1.0_Al1F3 + 2.0_F", "stability": false}, "Al2Ca1F8": {"Ef": -3.9289772085927273, "Ed": 0.06817836681817692, "rxn": "1.0_Al1Ca1F5 + 1.0_Al1F3", "stability": false}, "Al3Ca8": {"Ef": -0.15902904045454555, "Ed": -0.020791441525974393, "rxn": "0.2143_Al14Ca13 + 5.2143_Ca", "stability": true}, "Al4Ca1": {"Ef": -0.1955805169999998, "Ed": 0.0023674480000005493, "rxn": "2.0_Al + 1.0_Al2Ca1", "stability": false}, "Ca1F2": {"Ef": -4.245612699126666, "Ed": -4.245612699126666, "rxn": "1_Ca + 2_F", "stability": true}}