{"Al_Ca": {"Al2Ca1": {"E": -0.3299132750000003, "amts": {"Al": 0.6666666666666666, "Ca": 0.3333333333333333}}, "Al3Ca8": {"E": -0.15902904045454555, "amts": {"Al": 0.2727272727272727, "Ca": 0.7272727272727273}}, "Al4Ca1": {"E": -0.1955805169999998, "amts": {"Al": 0.8, "Ca": 0.2}}, "Al14Ca13": {"E": -0.2628221016666667, "amts": {"Al": 0.5185185185185185, "Ca": 0.48148148148148145}}, "Al": {"E": 0, "amts": {"Al": 1.0, "Ca": 0.0}}, "Ca": {"E": 0, "amts": {"Al": 0.0, "Ca": 1.0}}}, "Al_Ca_F": {"Al2Ca1": {"E": -0.3299132750000003, "amts": {"Al": 0.6666666666666666, "Ca": 0.3333333333333333, "F": 0.0}}, "Al2Ca1F10": {"E": -3.3479320505307695, "amts": {"Al": 0.15384615384615385, "Ca": 0.07692307692307693, "F": 0.7692307692307693}}, "Al3Ca8": {"E": -0.15902904045454555, "amts": {"Al": 0.2727272727272727, "Ca": 0.7272727272727273, "F": 0.0}}, "Al2Ca1F8": {"E": -3.9289772085927273, "amts": {"Al": 0.18181818181818182, "Ca": 0.09090909090909091, "F": 0.7272727272727273}}, "Al4Ca1": {"E": -0.1955805169999998, "amts": {"Al": 0.8, "Ca": 0.2, "F": 0.0}}, "Ca1F2": {"E": -4.245612699126666, "amts": {"Al": 0.0, "Ca": 0.3333333333333333, "F": 0.6666666666666666}}, "Al1F3": {"E": -3.8920467096425, "amts": {"Al": 0.25, "Ca": 0.0, "F": 0.75}}, "Al1Ca2F7": {"E": -4.111330077333, "amts": {"Al": 0.1, "Ca": 0.2, "F": 0.7}}, "Al14Ca13": {"E": -0.2628221016666667, "amts": {"Al": 0.5185185185185185, "Ca": 0.48148148148148145, "F": 0.0}}, "Al1Ca1F5": {"E": -4.05721778442143, "amts": {"Al": 0.14285714285714285, "Ca": 0.14285714285714285, "F": 0.7142857142857143}}, "Al": {"E": 0, "amts": {"Al": 1.0, "Ca": 0.0, "F": 0.0}}, "Ca": {"E": 0, "amts": {"Al": 0.0, "Ca": 1.0, "F": 0.0}}, "F": {"E": 0, "amts": {"Al": 0.0, "Ca": 0.0, "F": 1.0}}}, "Al_F": {"Al1F3": {"E": -3.8920467096425, "amts": {"Al": 0.25, "F": 0.75}}, "Al": {"E": 0, "amts": {"Al": 1.0, "F": 0.0}}, "F": {"E": 0, "amts": {"Al": 0.0, "F": 1.0}}}, "Ca_F": {"Ca1F2": {"E": -4.245612699126666, "amts": {"Ca": 0.3333333333333333, "F": 0.6666666666666666}}, "Ca": {"E": 0, "amts": {"Ca": 1.0, "F": 0.0}}, "F": {"E": 0, "amts": {"Ca": 0.0, "F": 1.0}}}}