{"Li_O": {"Li2O1": {"E": -2.066696434861111, "amts": {"Li": 0.6666666666666666, "O": 0.3333333333333333}}, "Li2O2": {"E": -1.650783011458333, "amts": {"Li": 0.5, "O": 0.5}}, "Li1O8": {"E": -0.40554822851851846, "amts": {"Li": 0.1111111111111111, "O": 0.8888888888888888}}, "Li1O2": {"E": -1.0328934080555552, "amts": {"Li": 0.3333333333333333, "O": 0.6666666666666666}}, "Li": {"E": 0, "amts": {"Li": 1.0, "O": 0.0}}, "O": {"E": 0, "amts": {"Li": 0.0, "O": 1.0}}}, "F_Li": {"F1Li1": {"E": -3.1804090164283334, "amts": {"F": 0.5, "Li": 0.5}}, "Li": {"E": 0, "amts": {"F": 0.0, "Li": 1.0}}, "F": {"E": 0, "amts": {"F": 1.0, "Li": 0.0}}}, "F_O": {"F2O1": {"E": -0.5220221628766663, "amts": {"F": 0.6666666666666666, "O": 0.3333333333333333}}, "F": {"E": 0, "amts": {"F": 1.0, "O": 0.0}}, "O": {"E": 0, "amts": {"F": 0.0, "O": 1.0}}}, "Nb_O": {"Nb1O2": {"E": -2.9078111291666673, "amts": {"Nb": 0.3333333333333333, "O": 0.6666666666666666}}, "Nb12O29": {"E": -3.0497452156402436, "amts": {"Nb": 0.2926829268292683, "O": 0.7073170731707317}}, "Nb4O5": {"E": -2.4758345834722206, "amts": {"Nb": 0.4444444444444444, "O": 0.5555555555555556}}, "Nb2O3": {"E": -2.58174396375, "amts": {"Nb": 0.4, "O": 0.6}}, "Nb1O1": {"E": -2.2934472022916665, "amts": {"Nb": 0.5, "O": 0.5}}, "Nb2O5": {"E": -3.045130657729593, "amts": {"Nb": 0.2857142857142857, "O": 0.7142857142857143}}, "O": {"E": 0, "amts": {"Nb": 0.0, "O": 1.0}}, "Nb": {"E": 0, "amts": {"Nb": 1.0, "O": 0.0}}}, "F_Li_Nb": {"F6Li1Nb1": {"E": -3.4177117604758336, "amts": {"F": 0.75, "Li": 0.125, "Nb": 0.125}}, "F1Li1": {"E": -3.1804090164283334, "amts": {"F": 0.5, "Li": 0.5, "Nb": 0.0}}, "F5Nb2": {"E": -3.0224464025166666, "amts": {"F": 0.7142857142857143, "Li": 0.0, "Nb": 0.2857142857142857}}, "F4Nb1": {"E": -3.2129533189520005, "amts": {"F": 0.8, "Li": 0.0, "Nb": 0.2}}, "F5Nb1": {"E": -3.3814771218249997, "amts": {"F": 0.8333333333333334, "Li": 0.0, "Nb": 0.16666666666666666}}, "F6Li2Nb1": {"E": -3.2520644267192598, "amts": {"F": 0.6666666666666666, "Li": 0.2222222222222222, "Nb": 0.1111111111111111}}, "F": {"E": 0, "amts": {"F": 1.0, "Li": 0.0, "Nb": 0.0}}, "Li": {"E": 0, "amts": {"F": 0.0, "Li": 1.0, "Nb": 0.0}}, "Nb": {"E": 0, "amts": {"F": 0.0, "Li": 0.0, "Nb": 1.0}}}, "F_Nb": {"F5Nb2": {"E": -3.0224464025166666, "amts": {"F": 0.7142857142857143, "Nb": 0.2857142857142857}}, "F4Nb1": {"E": -3.2129533189520005, "amts": {"F": 0.8, "Nb": 0.2}}, "F5Nb1": {"E": -3.3814771218249997, "amts": {"F": 0.8333333333333334, "Nb": 0.16666666666666666}}, "F": {"E": 0, "amts": {"F": 1.0, "Nb": 0.0}}, "Nb": {"E": 0, "amts": {"F": 0.0, "Nb": 1.0}}}, "Li_Nb_O": {"Li4Nb1O4": {"E": -2.417829095740741, "amts": {"Li": 0.4444444444444444, "Nb": 0.1111111111111111, "O": 0.4444444444444444}}, "Li1Nb10O18": {"E": -2.7756980975574694, "amts": {"Li": 0.034482758620689655, "Nb": 0.3448275862068966, "O": 0.6206896551724138}}, "Li17Nb18O54": {"E": -2.889478992705993, "amts": {"Li": 0.19101123595505617, "Nb": 0.20224719101123595, "O": 0.6067415730337079}}, "Li1Nb2O4": {"E": -2.7256237945238095, "amts": {"Li": 0.14285714285714285, "Nb": 0.2857142857142857, "O": 0.5714285714285714}}, "Li17Nb20O60": {"E": -2.8523952912199304, "amts": {"Li": 0.17525773195876287, "Nb": 0.20618556701030927, "O": 0.6185567010309279}}, "Li7Nb1O6": {"E": -2.4166074602976195, "amts": {"Li": 0.5, "Nb": 0.07142857142857142, "O": 0.42857142857142855}}, "Li7Nb8O24": {"E": -2.8592713394017104, "amts": {"Li": 0.1794871794871795, "Nb": 0.20512820512820512, "O": 0.6153846153846154}}, "Li2O1": {"E": -2.066696434861111, "amts": {"Li": 0.6666666666666666, "Nb": 0.0, "O": 0.3333333333333333}}, "Li1Nb1O2": {"E": -2.694030011041667, "amts": {"Li": 0.25, "Nb": 0.25, "O": 0.5}}, "Li2O2": {"E": -1.650783011458333, "amts": {"Li": 0.5, "Nb": 0.0, "O": 0.5}}, "Li1Nb8O14": {"E": -2.7284365099637693, "amts": {"Li": 0.043478260869565216, "Nb": 0.34782608695652173, "O": 0.6086956521739131}}, "Nb1O2": {"E": -2.9078111291666673, "amts": {"Li": 0.0, "Nb": 0.3333333333333333, "O": 0.6666666666666666}}, "Li3Nb6O11": {"E": -2.6288575231875, "amts": {"Li": 0.15, "Nb": 0.3, "O": 0.55}}, "Li8Nb2O9": {"E": -2.649479953925438, "amts": {"Li": 0.42105263157894735, "Nb": 0.10526315789473684, "O": 0.47368421052631576}}, "Nb12O29": {"E": -3.0497452156402436, "amts": {"Li": 0.0, "Nb": 0.2926829268292683, "O": 0.7073170731707317}}, "Li15Nb16O48": {"E": -2.8862796013924052, "amts": {"Li": 0.189873417721519, "Nb": 0.20253164556962025, "O": 0.6075949367088608}}, "Nb4O5": {"E": -2.4758345834722206, "amts": {"Li": 0.0, "Nb": 0.4444444444444444, "O": 0.5555555555555556}}, "Li5Nb6O18": {"E": -2.840681932614942, "amts": {"Li": 0.1724137931034483, "Nb": 0.20689655172413793, "O": 0.6206896551724138}}, "Li3Nb4O12": {"E": -2.790978691842106, "amts": {"Li": 0.15789473684210525, "Nb": 0.21052631578947367, "O": 0.631578947368421}}, "Li1Nb3O8": {"E": -2.990837729305556, "amts": {"Li": 0.08333333333333333, "Nb": 0.25, "O": 0.6666666666666666}}, "Li1O8": {"E": -0.40554822851851846, "amts": {"Li": 0.1111111111111111, "Nb": 0.0, "O": 0.8888888888888888}}, "Li1Nb1O3": {"E": -2.908694976083333, "amts": {"Li": 0.2, "Nb": 0.2, "O": 0.6}}, "Li1Nb5O8": {"E": -2.594775153154763, "amts": {"Li": 0.07142857142857142, "Nb": 0.35714285714285715, "O": 0.5714285714285714}}, "Li5Nb1O5": {"E": -2.5491486645075763, "amts": {"Li": 0.45454545454545453, "Nb": 0.09090909090909091, "O": 0.45454545454545453}}, "Li3Nb1O4": {"E": -2.724732105625, "amts": {"Li": 0.375, "Nb": 0.125, "O": 0.5}}, "Li2Nb1O3": {"E": -2.614555634513889, "amts": {"Li": 0.3333333333333333, "Nb": 0.16666666666666666, "O": 0.5}}, "Li1O2": {"E": -1.0328934080555552, "amts": {"Li": 0.3333333333333333, "Nb": 0.0, "O": 0.6666666666666666}}, "Li11Nb12O36": {"E": -2.856227440141243, "amts": {"Li": 0.1864406779661017, "Nb": 0.2033898305084746, "O": 0.6101694915254238}}, "Li3Nb7O19": {"E": -2.895985783577587, "amts": {"Li": 0.10344827586206896, "Nb": 0.2413793103448276, "O": 0.6551724137931034}}, "Li1Nb7O12": {"E": -2.707439291708333, "amts": {"Li": 0.05, "Nb": 0.35, "O": 0.6}}, "Li2Nb4O11": {"E": -2.926263375122549, "amts": {"Li": 0.11764705882352941, "Nb": 0.23529411764705882, "O": 0.6470588235294118}}, "Li7Nb12O24": {"E": -2.728128478062015, "amts": {"Li": 0.16279069767441862, "Nb": 0.27906976744186046, "O": 0.5581395348837209}}, "Nb2O3": {"E": -2.58174396375, "amts": {"Li": 0.0, "Nb": 0.4, "O": 0.6}}, "Nb1O1": {"E": -2.2934472022916665, "amts": {"Li": 0.0, "Nb": 0.5, "O": 0.5}}, "Li1Nb8O10": {"E": -2.3985440420614035, "amts": {"Li": 0.05263157894736842, "Nb": 0.42105263157894735, "O": 0.5263157894736842}}, "Li1Nb13O33": {"E": -3.01927108123227, "amts": {"Li": 0.02127659574468085, "Nb": 0.2765957446808511, "O": 0.7021276595744681}}, "Nb2O5": {"E": -3.045130657729593, "amts": {"Li": 0.0, "Nb": 0.2857142857142857, "O": 0.7142857142857143}}, "Li8Nb1O6": {"E": -2.2666170567222226, "amts": {"Li": 0.5333333333333333, "Nb": 0.06666666666666667, "O": 0.4}}, "Li": {"E": 0, "amts": {"Li": 1.0, "Nb": 0.0, "O": 0.0}}, "Nb": {"E": 0, "amts": {"Li": 0.0, "Nb": 1.0, "O": 0.0}}, "O": {"E": 0, "amts": {"Li": 0.0, "Nb": 0.0, "O": 1.0}}}, "F_Nb_O": {"F5Nb3O2": {"E": -2.902558007095, "amts": {"F": 0.5, "Nb": 0.3, "O": 0.2}}, "F1Nb3O7": {"E": -3.087320480676364, "amts": {"F": 0.09090909090909091, "Nb": 0.2727272727272727, "O": 0.6363636363636364}}, "F21Nb20O39": {"E": -3.1083673729842496, "amts": {"F": 0.2625, "Nb": 0.25, "O": 0.4875}}, "F2Nb2O3": {"E": -3.047097385875714, "amts": {"F": 0.2857142857142857, "Nb": 0.2857142857142857, "O": 0.42857142857142855}}, "F3Nb1O1": {"E": -3.314662858964, "amts": {"F": 0.6, "Nb": 0.2, "O": 0.2}}, "F1Nb6O15": {"E": -2.933351998406363, "amts": {"F": 0.045454545454545456, "Nb": 0.2727272727272727, "O": 0.6818181818181818}}, "F2O1": {"E": -0.5220221628766663, "amts": {"F": 0.6666666666666666, "Nb": 0.0, "O": 0.3333333333333333}}, "F5Nb2": {"E": -3.0224464025166666, "amts": {"F": 0.7142857142857143, "Nb": 0.2857142857142857, "O": 0.0}}, "Nb1O2": {"E": -2.9078111291666673,