{"Al_Ca": {"Al14Ca13": {"E": -0.2628221016666667, "amts": {"Al": 0.5185185185185185, "Ca": 0.48148148148148145}}, "Al2Ca1": {"E": -0.3299132750000003, "amts": {"Al": 0.6666666666666666, "Ca": 0.3333333333333333}}, "Al4Ca1": {"E": -0.1955805169999998, "amts": {"Al": 0.8, "Ca": 0.2}}, "Al3Ca8": {"E": -0.15902904045454555, "amts": {"Al": 0.2727272727272727, "Ca": 0.7272727272727273}}, "Al": {"E": 0, "amts": {"Al": 1.0, "Ca": 0.0}}, "Ca": {"E": 0, "amts": {"Al": 0.0, "Ca": 1.0}}}, "Al_Ca_F": {"Al14Ca13": {"E": -0.2628221016666667, "amts": {"Al": 0.5185185185185185, "Ca": 0.48148148148148145, "F": 0.0}}, "Al2Ca1": {"E": -0.3299132750000003, "amts": {"Al": 0.6666666666666666, "Ca": 0.3333333333333333, "F": 0.0}}, "Al4Ca1": {"E": -0.1955805169999998, "amts": {"Al": 0.8, "Ca": 0.2, "F": 0.0}}, "Ca1F2": {"E": -4.245612699126666, "amts": {"Al": 0.0, "Ca": 0.3333333333333333, "F": 0.6666666666666666}}, "Al1F3": {"E": -3.8920467096425, "amts": {"Al": 0.25, "Ca": 0.0, "F": 0.75}}, "Al2Ca1F10": {"E": -3.3479320505307695, "amts": {"Al": 0.15384615384615385, "Ca": 0.07692307692307693, "F": 0.7692307692307693}}, "Al1Ca1F5": {"E": -4.05721778442143, "amts": {"Al": 0.14285714285714285, "Ca": 0.14285714285714285, "F": 0.7142857142857143}}, "Al2Ca1F8": {"E": -3.9289772085927273, "amts": {"Al": 0.18181818181818182, "Ca": 0.09090909090909091, "F": 0.7272727272727273}}, "Al3Ca8": {"E": -0.15902904045454555, "amts": {"Al": 0.2727272727272727, "Ca": 0.7272727272727273, "F": 0.0}}, "Al1Ca2F7": {"E": -4.111330077333, "amts": {"Al": 0.1, "Ca": 0.2, "F": 0.7}}, "Al": {"E": 0, "amts": {"Al": 1.0, "Ca": 0.0, "F": 0.0}}, "Ca": {"E": 0, "amts": {"Al": 0.0, "Ca": 1.0, "F": 0.0}}, "F": {"E": 0, "amts": {"Al": 0.0, "Ca": 0.0, "F": 1.0}}}, "Al_F": {"Al1F3": {"E": -3.8920467096425, "amts": {"Al": 0.25, "F": 0.75}}, "Al": {"E": 0, "amts": {"Al": 1.0, "F": 0.0}}, "F": {"E": 0, "amts": {"Al": 0.0, "F": 1.0}}}, "Al_Ti": {"Al2Ti1": {"E": -0.42939563333333314, "amts": {"Al": 0.6666666666666666, "Ti": 0.3333333333333333}}, "Al1Ti1": {"E": -0.40716411999999913, "amts": {"Al": 0.5, "Ti": 0.5}}, "Al3Ti1": {"E": -0.3976501749999999, "amts": {"Al": 0.75, "Ti": 0.25}}, "Al11Ti5": {"E": -0.40563314374999937, "amts": {"Al": 0.6875, "Ti": 0.3125}}, "Al5Ti3": {"E": -0.41014778125000007, "amts": {"Al": 0.625, "Ti": 0.375}}, "Al1Ti3": {"E": -0.27948625499999924, "amts": {"Al": 0.25, "Ti": 0.75}}, "Al": {"E": 0, "amts": {"Al": 1.0, "Ti": 0.0}}, "Ti": {"E": 0, "amts": {"Al": 0.0, "Ti": 1.0}}}, "Ca_F": {"Ca1F2": {"E": -4.245612699126666, "amts": {"Ca": 0.3333333333333333, "F": 0.6666666666666666}}, "Ca": {"E": 0, "amts": {"Ca": 1.0, "F": 0.0}}, "F": {"E": 0, "amts": {"Ca": 0.0, "F": 1.0}}}, "Ca_F_Ti": {"Ca1F10Ti2": {"E": -3.854120304376923, "amts": {"Ca": 0.07692307692307693, "F": 0.7692307692307693, "Ti": 0.15384615384615385}}, "Ca1F6Ti1": {"E": -3.9959232865175, "amts": {"Ca": 0.125, "F": 0.75, "Ti": 0.125}}, "Ca1F2": {"E": -4.245612699126666, "amts": {"Ca": 0.3333333333333333, "F": 0.6666666666666666, "Ti": 0.0}}, "F3Ti1": {"E": -3.693128742142499, "amts": {"Ca": 0.0, "F": 0.75, "Ti": 0.25}}, "F4Ti1": {"E": -3.7113153869519997, "amts": {"Ca": 0.0, "F": 0.8, "Ti": 0.2}}, "Ca1F5Ti1": {"E": -3.918018913707143, "amts": {"Ca": 0.14285714285714285, "F": 0.7142857142857143, "Ti": 0.14285714285714285}}, "Ca": {"E": 0, "amts": {"Ca": 1.0, "F": 0.0, "Ti": 0.0}}, "F": {"E": 0, "amts": {"Ca": 0.0, "F": 1.0, "Ti": 0.0}}, "Ti": {"E": 0, "amts": {"Ca": 0.0, "F": 0.0, "Ti": 1.0}}}, "F_Ti": {"F3Ti1": {"E": -3.693128742142499, "amts": {"F": 0.75, "Ti": 0.25}}, "F4Ti1": {"E": -3.7113153869519997, "amts": {"F": 0.8, "Ti": 0.2}}, "F": {"E": 0, "amts": {"F": 1.0, "Ti": 0.0}}, "Ti": {"E": 0, "amts": {"F": 0.0, "Ti": 1.0}}}}