{"Ca1F10Ti2": {"Ef": -3.854120304376923, "Ed": 0.03233840538462228, "rxn": "1.0_Ca1F6Ti1 + 1.0_F4Ti1", "stability": false}, "Ca1F6Ti1": {"Ef": -3.9959232865175, "Ed": -0.06839815812499772, "rxn": "0.5_Ca1F10Ti2 + 0.5_Ca1F2", "stability": true}, "Ca1F2": {"Ef": -4.245612699126666, "Ed": -4.245612699126666, "rxn": "1_Ca + 2_F", "stability": true}, "F3Ti1": {"Ef": -3.693128742142499, "Ed": -0.21377056687499874, "rxn": "0.75_F4Ti1 + 0.25_Ti", "stability": true}, "F4Ti1": {"Ef": -3.7113153869519997, "Ed": -0.7568123932380288, "rxn": "1.0_F + 1.0_F3Ti1", "stability": true}, "Ca1F5Ti1": {"Ef": -3.918018913707143, "Ed": 0.011888667142869227, "rxn": "1.0_Ca1F2 + 1.0_F3Ti1", "stability": false}, "Ca": {"Ef": 0, "Ed": 0.0, "rxn": "1_Ca", "stability": true}, "F": {"Ef": 0, "Ed": 0.0, "rxn": "1_F", "stability": true}, "Ti": {"Ef": 0, "Ed": 0.0, "rxn": "1_Ti", "stability": true}, "Al2Ti1": {"Ef": -0.42939563333333314, "Ed": -0.0222576104117221, "rxn": "0.125_Al11Ti5 + 0.125_Al5Ti3", "stability": true}, "Al1Ti1": {"Ef": -0.40716411999999913, "Ed": -0.03773223799999931, "rxn": "0.2_Al1Ti3 + 0.4_Al2Ti1", "stability": true}, "Al3Ti1": {"Ef": -0.3976501749999999, "Ed": -0.07314366000000028, "rxn": "0.8_Al + 0.2_Al11Ti5", "stability": true}, "Al11Ti5": {"Ef": -0.40563314374999937, "Ed": 0.01582612500000058, "rxn": "4.0_Al2Ti1 + 1.0_Al3Ti1", "stability": false}, "Al5Ti3": {"Ef": -0.41014778125000007, "Ed": 0.013689973749998752, "rxn": "1.0_Al1Ti1 + 2.0_Al2Ti1", "stability": false}, "Al1Ti3": {"Ef": -0.27948625499999924, "Ed": -0.07590419499999976, "rxn": "1.0_Al1Ti1 + 2.0_Ti", "stability": true}, "Al": {"Ef": 0, "Ed": 0.0, "rxn": "1_Al", "stability": true}, "Al14Ca13": {"Ef": -0.2628221016666667, "Ed": 0.002827016752136809, "rxn": "5.6154_Al2Ca1 + 0.9231_Al3Ca8", "stability": false}, "Al2Ca1": {"Ef": -0.3299132750000003, "Ed": -0.1024814810526317, "rxn": "0.0526_Al14Ca13 + 0.3158_Al4Ca1", "stability": true}, "Al4Ca1": {"Ef": -0.1955805169999998, "Ed": 0.0023674480000003494, "rxn": "2.0_Al + 1.0_Al2Ca1", "stability": false}, "Al1F3": {"Ef": -3.8920467096425, "Ed": -3.8920467096425, "rxn": "1_Al + 3_F", "stability": true}, "Al2Ca1F10": {"Ef": -3.3479320505307695, "Ed": 0.0342765132784766, "rxn": "1.0_Al1Ca1F5 + 1.0_Al1F3 + 2.0_F", "stability": false}, "Al1Ca1F5": {"Ef": -4.05721778442143, "Ed": -0.008540097855988193, "rxn": "0.5_Al1Ca2F7 + 0.5_Al1F3", "stability": true}, "Al2Ca1F8": {"Ef": -3.9289772085927273, "Ed": 0.06817836681817692, "rxn": "1.0_Al1Ca1F5 + 1.0_Al1F3", "stability": false}, "Al3Ca8": {"Ef": -0.15902904045454555, "Ed": -0.020791441525974393, "rxn": "0.2143_Al14Ca13 + 5.2143_Ca", "stability": true}, "Al1Ca2F7": {"Ef": -4.111330077333, "Ed": 0.002406181499997473, "rxn": "1.0_Al1Ca1F5 + 1.0_Ca1F2", "stability": false}}